chott,date,year,month,rain_mm,t2m_K,d2m_K,pet_raw,aet_raw,lst_raw,t,temp_C,pet_mm,aet_mm,lst_C,rh_pct
Djerid,2019-01,2019,1,9.339637257601888,283.13847434170253,274.31947221728785,824.3484888212103,38.04617238632122,14618.768114004524,2019-01-01,9.988474341702556,82.43484888212103,3.804617238632122,19.225362280090508,54.26143946790939
Djerid,2019-02,2019,2,4.434025416202911,285.1496909815218,273.8695631153866,896.6504069140079,33.66574560563123,14881.172148263102,2019-02-01,11.999690981521837,89.6650406914008,3.366574560563123,24.473442965262052,45.96759824472705
Djerid,2019-03,2019,3,13.717746113938295,288.948844335044,275.56646992736216,1466.869414386704,103.40934944181674,15256.724420918512,2019-03-01,15.79884433504401,146.6869414386704,10.340934944181676,31.98448841837029,40.56481264392594
Djerid,2019-04,2019,4,10.246415289629883,293.5600598006204,279.04661487964825,1895.1878863666168,46.96677625276067,15441.181478391423,2019-04-01,20.410059800620445,189.5187886366617,4.696677625276067,35.67362956782847,38.75305284071088
Djerid,2019-05,2019,5,8.235623488628324,296.7729799348551,281.09155561446977,2272.787940823508,76.31340950575324,15695.387429059963,2019-05-01,23.622979934855096,227.27879408235083,7.631340950575325,40.75774858119928,36.65344149028173
Djerid,2019-06,2019,6,1.8461560308859208,304.69576372836895,282.2840881018106,2741.476860862637,4.039788828269169,15974.00358573462,2019-06-01,31.545763728368968,274.1476860862637,0.40397888282691696,46.330071714692394,24.996227250133387
Djerid,2019-07,2019,7,0.0,306.1006543017492,285.17610719142755,2799.846260122425,0.5527878904004597,16037.582649246366,2019-07-01,32.95065430174924,279.98462601224253,0.055278789040045975,47.60165298492734,27.991864913026244
Djerid,2019-08,2019,8,0.5686714735825924,305.8813428783384,287.689498534722,2865.745600588943,32.02754611187866,15964.115939711295,2019-08-01,32.73134287833841,286.5745600588943,3.2027546111878658,46.13231879422591,33.38572318428656
Djerid,2019-09,2019,9,13.619283282642042,302.5925498089697,289.19079069810084,2131.016478252538,39.448200401367465,15715.54620421528,2019-09-01,29.442549808969716,213.10164782525382,3.944820040136747,41.160924084305634,44.34389451602774
Djerid,2019-10,2019,10,9.466778078529298,296.9586245269783,284.83095128185647,1490.2275440949572,29.75397081513901,15436.871068250735,2019-10-01,23.80862452697835,149.02275440949572,2.975397081513901,35.587421365014734,46.56672580326449
Djerid,2019-11,2019,11,16.89723147540912,287.7799384934905,279.23869677551454,1096.075493389538,193.8116598259397,14915.5803217662,2019-11-01,14.6299384934905,109.6075493389538,19.38116598259397,25.161606435324018,56.55510238014599
Djerid,2019-12,2019,12,6.47069223673586,286.8242266143324,277.4008021688519,599.3764988251426,12.122023779510087,14756.477842785249,2019-12-01,13.67422661433244,59.93764988251426,1.2122023779510087,21.979556855705027,52.94828631785375
Djerid,2020-01,2020,1,10.114975617540246,284.47492572143943,275.9750515514255,704.4932483536871,41.99764020128879,14650.94123303731,2020-01-01,11.324925721439456,70.44932483536871,4.199764020128879,19.86882466074627,55.86730736503543
Djerid,2020-02,2020,2,2.902921913698468,287.51157230077405,275.0150528285028,881.4359274311461,0.0066961809582396,14962.461905765727,2020-02-01,14.361572300774071,88.14359274311461,0.0006696180958239601,26.099238115314563,42.77762164280736
Djerid,2020-03,2020,3,14.993681944655558,289.58746863910125,277.9729896172664,1596.3298827159863,110.00883411825212,15130.620152157217,2020-03-01,16.43746863910127,159.63298827159863,11.000883411825214,29.462403043144377,46.13666243863574
Djerid,2020-04,2020,4,8.359589519621958,294.102419424253,281.5903006409439,1901.2328183459224,75.82023174433492,15565.457640678189,2020-04-01,20.952419424253037,190.12328183459226,7.582023174433492,38.15915281356382,44.6054702180771
Djerid,2020-05,2020,5,4.870489047605364,299.9483668414384,281.4696841106325,2565.768674176339,26.45767489234679,15729.72641200862,2020-05-01,26.79836684143845,256.57686741763393,2.645767489234679,41.44452824017242,31.12929878480668
Djerid,2020-06,2020,6,3.7372759593606446,303.15433558916493,283.55096382966457,2560.9541099827543,4.49973275783826,15911.712925381986,2020-06-01,30.004335589164953,256.09541099827544,0.44997327578382607,45.08425850763973,29.716546450868538
Djerid,2020-07,2020,7,0.1176962102100871,304.6041517144846,286.2130585928969,2782.8669537418955,0.0046590897631125,16053.97798182884,2020-07-01,31.454151714484624,278.28669537418955,0.00046590897631125006,47.92955963657687,32.60706684705815
Djerid,2020-08,2020,8,0.0,305.87830641167625,286.2248847753978,2614.959863252689,0.9430068272808866,16006.78753395592,2020-08-01,32.72830641167627,261.4959863252689,0.09430068272808867,46.98575067911844,30.362207374098162
Djerid,2020-09,2020,9,15.083954449616652,301.2825437050378,287.8482647323934,2035.7428424481384,169.01006444065715,15710.34738350527,2020-09-01,28.132543705037847,203.57428424481384,16.901006444065715,41.056947670105444,43.89485745433686
Djerid,2020-10,2020,10,4.268882147310072,295.4408629167263,282.4557729756593,1446.7553171105567,6.464502173233424,15371.03849523797,2020-10-01,22.290862916726326,144.67553171105567,0.6464502173233424,34.27076990475945,43.57242968105334
Djerid,2020-11,2020,11,11.318797310782786,290.5114381528282,282.25114581682453,925.8954125109668,164.61234759633317,15013.874711732806,2020-11-01,17.361438152828214,92.58954125109669,16.461234759633317,27.127494234656126,58.33845495142184
Djerid,2020-12,2020,12,6.4963560333333055,285.4261992437862,277.5410354300607,825.7608787729047,35.87574247940218,14675.174947151005,2020-12-01,12.276199243786209,82.57608787729048,3.5875742479402177,20.3534989430201,58.586313937148965
Djerid,2021-01,2021,1,4.118238132600745,285.5665351787636,273.4723521727248,883.7528715926616,8.990712074303403,14738.26275197376,2021-01-01,12.416535178763638,88.37528715926616,0.8990712074303403,21.615255039475244,43.46030014962561
Djerid,2021-02,2021,2,4.861038576239371,288.0571311953108,274.6715696722075,1152.0092879256958,9.16213531529532,14891.48970516613,2021-02-01,14.907131195310797,115.20092879256958,0.916213531529532,24.67979410332265,40.29601113720818
Djerid,2021-03,2021,3,5.036187331708653,289.113417546217,276.9418863299018,1484.732319157734,34.866010830871005,15234.022933032322,2021-03-01,15.963417546217045,148.47323191577343,3.4866010830871006,31.530458660646445,44.24003036940219
Djerid,2021-04,2021,4,6.280107721929709,294.1990201949223,278.8386628958903,2060.4633928661456,24.17961698651687,15373.008158573262,2021-04-01,21.04902019492232,206.04633928661457,2.417961698651687,34.31016317146526,36.72593668429618
Djerid,2021-05,2021,5,5.300374714370707,298.78679420180475,282.7675582768864,2523.799109528947,29.13675235223525,15701.333242389075,2021-05-01,25.636794201804776,252.37991095289473,2.913675235223525,40.87666484778151,36.390993847015565
Djerid,2021-06,2021,6,3.303454170583407,305.12044221272936,282.7889478804214,2872.3505057431826,14.909384737951395,15843.285353289337,2021-06-01,31.97044221272938,287.2350505743183,1.4909384737951397,43.71570706578677,25.24364497810264
Djerid,2021-07,2021,7,0.0,306.2493591089028,284.4253547875906,2944.922373715472,0.0,16016.473846144656,2021-07-01,33.09935910890283,294.4922373715472,0.0,47.17947692289317,26.416241307342172
Djerid,2021-08,2021,8,0.0044048798492336,307.3677521124092,286.29506895201484,2732.442048789341,8.448064259134132,15936.36303233193,2021-08-01,34.217752112409244,273.2442048789341,0.8448064259134132,45.57726064663865,28.059719240078227
Djerid,2021-09,2021,9,5.040463142014867,303.98765293171857,287.7685372446207,2277.8969604985828,6.786503766601788,15759.25741947766,2021-09-01,30.837652931718594,227.7896960498583,0.6786503766601788,42.03514838955323,37.36114262582269
Djerid,2021-10,2021,10,1.4307035886745216,296.1145429337102,282.8723623549128,1527.4067476124687,7.315486935387903,15371.562145769296,2021-10-01,22.96454293371022,152.74067476124688,0.7315486935387904,34.281242915385974,43.01354648942755
Djerid,2021-11,2021,11,13.068000538333528,289.0837891795727,278.4347268363628,982.771644093948,168.78223797662383,14947.989361753327,2021-11-01,15.933789179572727,98.2771644093948,16.878223797662383,25.80978723506655,49.19784132955254
Djerid,2021-12,2021,12,0.7496599178410522,283.75563824468026,276.5771195337216,672.0683585280501,1.437490545678234,14653.21649546968,2021-12-01,10.605638244680279,67.20683585280501,0.14374905456782341,19.914329909393643,61.147839338534176
Djerid,2022-01,2022,1,4.5276743403190585,282.838728096547,274.11404714783373,685.2479553453473,27.602742005425505,14618.81747843015,2022-01-01,9.688728096547038,68.52479553453473,2.7602742005425505,19.22634956860304,54.55041359770062
Djerid,2022-02,2022,2,3.140355321605306,286.4186961987655,275.52621128542665,925.823816823146,34.33348292171316,14926.666391153916,2022-02-01,13.268696198765497,92.5823816823146,3.4333482921713165,25.383327823078332,47.627180118789845
Djerid,2022-03,2022,3,17.469892154002505,289.33277496186867,276.7939255996831,1515.6210959954012,34.685698006272595,15081.68576259126,2022-03-01,16.182774961868688,151.56210959954012,3.4685698006272596,28.48371525182523,43.17345089836421
Djerid,2022-04,2022,4,6.953145895108102,292.87602060779943,278.5329922308835,2064.0535291092265,78.34539788828265,15370.322561027597,2022-04-01,19.726020607799455,206.40535291092266,7.834539788828265,34.25645122055198,39.01552801341401
Djerid,2022-05,2022,5,5.260646386201134,299.0153779749342,277.8693353430905,2392.24609977713,24.643448533193467,15802.171991903171,2022-05-01,25.865377974934233,239.22460997771302,2.464344853319347,42.89343983806344,25.67672281623725
Djerid,2022-06,2022,6,1.9603444017202345,305.63423579427433,282.55129012632426,2721.726722199252,3.765351297385054,16086.477270726604,2022-06-01,32.484235794274355,272.17267221992523,0.3765351297385054,48.579545414532106,24.132718933519936
Djerid,2022-07,2022,7,0.0,305.9095273823111,284.7575364840396,2827.5016034529685,0.2891862728290355,16015.455245278332,2022-07-01,32.75952738231115,282.7501603452969,0.02891862728290355,47.159104905566664,27.524181739626112
Djerid,2022-08,2022,8,0.4630807843884362,306.0545247512443,287.4240966077752,2753.954372182612,9.66379423362007,15985.060261116589,2022-08-01,32.90452475124431,275.39543721826124,0.9663794233620071,46.55120522233182,32.499574720262004
Djerid,2022-09,2022,9,10.746443223932571,303.9307344106529,287.2798360081734,2126.1742570163656,109.08172063613712,15715.806023670324,2022-09-01,30.78073441065294,212.61742570163656,10.908172063613712,41.16612047340652,36.317136985654344
Djerid,2022-10,2022,10,1.4747552533982586,297.09792751928114,283.608637762397,1430.3684966872054,5.873180988493461,15498.754852185584,2022-10-01,23.947927519281166,143.03684966872055,0.5873180988493462,36.82509704371171,42.58168057486453
Djerid,2022-11,2022,11,3.935320230581021,290.5247152680076,278.04510727545124,1143.4793517612773,2.3271901251500045,15013.105352404356,2022-11-01,17.374715268007606,114.34793517612773,0.23271901251500046,27.112107048087182,43.69439648305992
Djerid,2022-12,2022,12,7.249495333762439,287.73831637479606,279.08776381822867,745.6453444398501,67.58030879075442,14782.634232689576,2022-12-01,14.58831637479608,74.56453444398501,6.7580308790754415,22.50268465379156,56.11919398378768
Djerid,2023-01,2023,1,2.5032609171435776,283.7744931102371,272.67856320312893,746.8133893365335,5.2492713869363925,14650.837208961902,2023-01-01,10.624493110237097,74.68133893365335,0.5249271386936393,19.866744179238083,46.187513518452604
Djerid,2023-02,2023,2,5.953787141466142,285.9155144802629,275.1102899204479,950.937788041669,66.11284174221713,14814.015368227749,2023-02-01,12.765514480262937,95.0937788041669,6.611284174221713,23.130307364554994,47.78190089034746
Djerid,2023-03,2023,3,6.956731070091881,291.2050260398962,275.7868623968342,1650.2511723358966,12.267262330956717,15322.516839865655,2023-03-01,18.055026039896234,165.02511723358967,1.2267262330956719,33.30033679731315,35.71428965780855
Djerid,2023-04,2023,4,6.754870475829166,293.9834520679863,277.4149844062471,2006.511884712739,47.08093907887175,15468.008209904356,2023-04-01,20.833452067986343,200.6511884712739,4.708093907887175,36.21016419808717,33.703159066555564
Djerid,2023-05,2023,5,13.06721582302518,296.9104551449543,282.47685324000395,2215.460594386906,165.681401962465,15587.915447849453,2023-05-01,23.760455144954335,221.5460594386906,16.5681401962465,38.608308956989106,39.92155496760081
Djerid,2023-06,2023,6,4.481191367005414,302.59305961668434,285.0336388354378,2519.22261776303,7.230181220439493,15807.158917293587,2023-06-01,29.443059616684366,251.922261776303,0.7230181220439493,42.9931783458718,33.86297729829824
Djerid,2023-07,2023,7,0.052437533600986,308.5971572162826,283.42633627373766,2808.013936930849,0.1512792327628805,16093.875748133283,2023-07-01,35.44715721628262,280.8013936930849,0.01512792327628805,48.72751496266568,21.688326932173897
Djerid,2023-08,2023,8,2.822731413960872,304.8879095095862,287.0906401026675,2565.768477526446,37.0561964885388,15853.134674088988,2023-08-01,31.737909509586245,256.5768477526446,3.7056196488538804,43.9126934817798,33.97185886163851
Djerid,2023-09,2023,9,5.445241745765811,302.28357678884527,286.09272050539585,2117.5298151490992,0.0873175946188521,15679.32775134416,2023-09-01,29.13357678884529,211.75298151490995,0.008731759461885211,40.43655502688324,36.95565658868795
Djerid,2023-10,2023,10,1.690131762216489,298.38109694939953,281.7287933135849,1597.238198485291,0.1180101047790966,15434.380788741126,2023-10-01,25.231096949399557,159.7238198485291,0.01180101047790966,35.53761577482254,34.759040093785735
Djerid,2023-11,2023,11,8.834686745790371,291.38906368301787,280.3464476108888,1088.3817428222785,61.86372666673388,14995.022810045357,2023-11-01,18.23906368301789,108.83817428222785,6.186372666673389,26.750456200907195,48.50636066080645
Djerid,2023-12,2023,12,11.372619835652005,285.2035922945892,278.9393516243746,703.3114480491317,174.9529653795341,14623.829389064394,2023-12-01,12.053592294589237,70.33114480491318,17.49529653795341,19.326587781287913,65.524845502487
Djerid,2024-01,2024,1,4.2814678062851375,285.567748451843,275.53505978888546,822.430567460997,8.985291596494594,14603.72967384566,2024-01-01,12.41774845184301,82.24305674609971,0.8985291596494595,18.92459347691323,50.385512865525165
Djerid,2024-02,2024,2,4.001432318454226,287.6641628350421,275.9612258527222,1054.8091689272992,46.146267181654046,14833.48550177749,2024-02-01,14.5141628350421,105.48091689272992,4.614626718165405,23.51971003554985,45.307378914075116
Djerid,2024-03,2024,3,7.590309372290665,292.2570095971556,275.3594401532804,1707.4952551910517,13.863676243684504,15128.498932554385,2024-03-01,19.10700959715564,170.7495255191052,1.3863676243684504,29.419978651087717,32.43785999305345
Djerid,2024-04,2024,4,17.505566164139438,293.2031819697872,280.58091813605216,1959.3951704803292,277.65227760914075,15296.18871204871,2024-04-01,20.053181969787204,195.93951704803294,27.765227760914076,32.773774240974205,44.02126171740378
Djerid,2024-05,2024,5,7.199988687827853,299.9066113824603,280.4444886565884,2498.3335434293726,31.6591956515162,15576.42262747606,2024-05-01,26.756611382460335,249.83335434293727,3.1659195651516203,38.37845254952123,29.102255095813142
Djerid,2024-06,2024,6,1.9851939081187795,304.06239077092096,284.22537359525097,2829.898730347614,0.7125432377648474,15648.21310754432,2024-06-01,30.91239077092098,282.98987303476144,0.07125432377648475,39.81426215088641,29.504988844319843
Djerid,2024-07,2024,7,0.0,306.72760937351694,285.1425378960869,2739.907942638737,0.0008017264852109194,15869.448489190923,2024-07-01,33.577609373516964,273.99079426387374,8.017264852109195e-05,44.238969783818504,26.964617467521023
Djerid,2024-08,2024,8,2.4146893952751034,305.8417759493264,288.013507379452,2560.665987636268,5.516125291193106,15856.232786830602,2024-08-01,32.69177594932643,256.0665987636268,0.5516125291193106,43.97465573661208,34.16665111843174
Djerid,2024-09,2024,9,14.835183421134078,302.15759764964355,288.729812136061,1792.0923447726425,116.5157874567622,15614.151369586316,2024-09-01,29.00759764964357,179.20923447726426,11.65157874567622,39.13302739172633,44.152012380253844
Djerid,2024-10,2024,10,14.15783600909457,298.18598441382863,287.77826863480544,1646.5123687740138,177.0518298524621,15209.24364186459,2024-10-01,25.035984413828658,164.6512368774014,17.70518298524621,31.034872837291857,52.444142099489355
Djerid,2024-11,2024,11,3.4278035449109017,292.0640234540384,282.2457422461309,1022.4672552717292,11.304948518066563,14898.736757469327,2024-11-01,18.914023454038443,102.24672552717293,1.1304948518066564,24.824735149386584,52.89981255048168
Djerid,2024-12,2024,12,1.776882921387705,285.76197630896496,276.40131028380165,822.1816036546625,17.493202972942996,14545.712275405767,2024-12-01,12.611976308964984,82.21816036546625,1.7493202972942996,17.76424550811538,52.89728953257419
Gharsa,2019-01,2019,1,5.774443121820701,282.9529290619197,274.84242472211776,765.573746379435,35.728864952932675,14600.368979390189,2019-01-01,9.802929061919713,76.5573746379435,3.5728864952932677,18.85737958780379,57.03804293008682
Gharsa,2019-02,2019,2,7.550245151794553,285.10189998796073,273.49322912321065,944.3774438812446,13.23995293265751,14873.723958629354,2019-02-01,11.951899987960758,94.43774438812447,1.323995293265751,24.324479172587132,44.876409042256114
Gharsa,2019-03,2019,3,13.153282766756975,289.51149737003203,275.2731703908259,1476.652991491672,106.7027063721941,15205.888914232182,2019-03-01,16.361497370032055,147.66529914916723,10.67027063721941,30.967778284643657,38.32594416416831
Gharsa,2019-04,2019,4,12.75010908733822,293.50129061922155,279.3351685481606,1861.1737418537305,86.4163649529327,15349.991011127186,2019-04-01,20.351290619221572,186.11737418537305,8.64163649529327,33.84982022254377,39.67655105568164
Gharsa,2019-05,2019,5,14.9578013693951,297.08581221366427,280.84667381663024,2234.7234793627817,133.84642016654604,15680.576547218454,2019-05-01,23.935812213664292,223.4723479362782,13.384642016654604,40.46153094436909,35.37536831965824
Gharsa,2019-06,2019,6,2.340275774074024,305.99203534214934,281.2316197913578,3033.460241672701,8.77070510499638,15955.056842361202,2019-06-01,32.84203534214936,303.3460241672701,0.8770705104996379,45.95113684722406,21.633289386896514
Gharsa,2019-07,2019,7,0.0029076356503313,307.1731128183077,284.2193284184342,2908.6029145546718,17.195103186097047,15993.25750089979,2019-07-01,34.02311281830771,290.8602914554672,1.7195103186097047,46.715150017995825,24.744491696037766
Gharsa,2019-08,2019,8,3.2112486386935566,306.8872622659443,286.7582229280278,2878.116491672701,83.4203023171615,15915.89772842075,2019-08-01,33.73726226594431,287.8116491672701,8.34203023171615,45.16795456841504,29.705455097963352
Gharsa,2019-09,2019,9,19.08455873292202,302.9507143475543,288.5987734563386,2160.233345401882,24.261789464156426,15618.193908202427,2019-09-01,29.800714347554333,216.02333454018822,2.426178946415643,39.213878164048594,41.82402644489272
Gharsa,2019-10,2019,10,13.572094551813128,296.9717512710673,284.4710114164972,1458.3287699131058,38.3742758870384,15396.032904830769,2019-10-01,23.821751271067342,145.8328769913106,3.8374275887038403,34.77065809661542,45.43576952850819
Gharsa,2019-11,2019,11,19.959921415566267,287.20741876657064,279.7275047101178,879.2599791817518,126.12576937002171,14868.932325636752,2019-11-01,14.057418766570663,87.92599791817518,12.612576937002173,24.228646512735054,60.69768926440322
Gharsa,2019-12,2019,12,8.510044729541386,286.59530772112265,277.5707109768568,691.9820103186097,12.154666002896466,14701.199695670592,2019-12-01,13.445307721122674,69.19820103186098,1.2154666002896466,20.87399391341188,54.38573893138631
Gharsa,2020-01,2020,1,1.8604970897123323,284.36046132605514,275.82553669195244,737.1952842143371,21.04686368573499,14639.964763255126,2020-01-01,11.210461326055167,73.71952842143371,2.1046863685734993,19.649295265102523,55.69885317781326
Gharsa,2020-02,2020,2,6.135305954762224,287.6870278599632,274.57799143408124,907.7318066618384,0.0,14955.48729619299,2020-02-01,14.537027859963246,90.77318066618385,0.0,25.959745923859828,40.99331862101832
Gharsa,2020-03,2020,3,12.594004001833776,289.6905755526328,277.59397287535785,1555.2589156408412,141.007603186097,15067.514503791534,2020-03-01,16.540575552632845,155.52589156408413,14.1007603186097,28.200290075830708,44.63791182148329
Gharsa,2020-04,2020,4,11.925992127691636,294.52841365350054,281.2888876852126,1943.4197139753796,72.0849248732803,15498.54805184971,2020-04-01,21.37841365350056,194.34197139753798,7.20849248732803,36.82096103699422,42.575337273277675
Gharsa,2020-05,2020,5,10.13043526324422,300.63841744102746,280.2560445025433,2582.1577887400445,39.50076937002174,15762.130359702283,2020-05-01,27.48841744102748,258.21577887400446,3.9500769370021747,42.092607194045684,27.52173235076133
Gharsa,2020-06,2020,6,5.310309855716312,303.981614407397,282.9800738168203,2669.0895410934104,3.6231897175959458,15919.56751204379,2020-06-01,30.831614407397012,266.90895410934104,0.3623189717595946,45.24135024087582,27.280084805247185
Gharsa,2020-07,2020,7,0.2420647291117299,305.814729578369,284.97783315857185,2850.9141473569885,4.627738052136133,16041.990785668788,2020-07-01,32.66472957836902,285.09141473569883,0.4627738052136133,47.689815713375765,28.076842862000625
Gharsa,2020-08,2020,8,0.0,306.7997158938604,285.4744027963096,2612.086373099203,1.784712165097755,16003.319223896857,2020-08-01,33.649715893860446,261.2086373099203,0.17847121650977552,46.916384477937186,27.44867378871171
Gharsa,2020-09,2020,9,19.75935231685152,301.3723095484855,287.0542088488597,1945.3029960173812,187.65715514120205,15705.79008372221,2020-09-01,28.222309548485498,194.53029960173814,18.765715514120206,40.96580167444421,41.47985999826665
Gharsa,2020-10,2020,10,7.08337510312241,295.25574314010373,282.0892802624976,1329.3440441708897,9.081032766111516,15338.064920192492,2020-10-01,22.105743140103755,132.93440441708898,0.9081032766111516,33.611298403849844,42.99168826589919
Gharsa,2020-11,2020,11,12.822767770584507,290.75539359793896,281.4570481816327,924.5489907675594,77.9071777697321,14994.084931799536,2020-11-01,17.605393597938985,92.45489907675595,7.79071777697321,26.731698635990767,54.44499882231557
Gharsa,2020-12,2020,12,6.81196402039383,285.25919085690606,277.26125447283385,785.8908399710363,25.31471759594498,14673.002971275422,2020-12-01,12.109190856906082,78.58908399710363,2.531471759594498,20.310059425508484,58.08369935556792
Gharsa,2021-01,2021,1,2.779012118899517,285.0298084866277,273.7388747730608,820.9255521361328,11.121718863142654,14691.076905005477,2021-01-01,11.879808486627724,82.09255521361328,1.1121718863142653,20.671538100109558,45.89741613484867
Gharsa,2021-02,2021,2,9.012661667289514,288.0221795943091,274.6143904432868,1155.284553765388,13.404982802317177,14866.008941781784,2021-02-01,14.872179594309102,115.5284553765388,1.3404982802317178,24.17017883563568,40.22170791315567
Gharsa,2021-03,2021,3,3.305602038405149,289.5141722859916,275.9416583723004,1517.0876402968877,21.05356173063,15235.147953353036,2021-03-01,16.36417228599163,151.70876402968878,2.1053561730630004,31.552959067060783,40.18401303646385
Gharsa,2021-04,2021,4,9.875191482892737,294.8519076914527,277.94008379126166,2084.7739183562644,34.354498551774086,15418.691299251048,2021-04-01,21.701907691452732,208.47739183562646,3.4354498551774086,35.223825985020994,33.14988222136843
Gharsa,2021-05,2021,5,9.65904779879243,300.08942575407855,281.6469291050151,2516.696393012311,67.783920166546,15786.413051439304,2021-05-01,26.93942575407857,251.66963930123111,6.7783920166546,42.57826102878613,31.245133646378385
Gharsa,2021-06,2021,6,5.586061981764388,306.4106629994639,281.675300862997,3101.3599067704586,14.941799420709636,15853.766012021688,2021-06-01,33.26066299946393,310.13599067704587,1.4941799420709636,43.92532024043379,21.77565980685749
Gharsa,2021-07,2021,7,0.0,307.398233156515,282.9617626213599,3052.8399484069514,0.0,16046.397003902024,2021-07-01,34.24823315651503,305.28399484069513,0.0,47.7779400780405,22.470672170553577
Gharsa,2021-08,2021,8,0.1670193473711725,308.2064184322665,284.49497978131706,2841.758508327299,6.632603186097031,15900.447274294316,2021-08-01,35.056418432266526,284.1758508327299,0.6632603186097031,44.85894548588635,23.79375510630859
Gharsa,2021-09,2021,9,9.316067401373044,304.62687688033066,286.6109712788255,2292.4813993482994,5.392604996379435,15745.701559846248,2021-09-01,31.47687688033068,229.24813993482996,0.5392604996379435,41.764031196924975,33.42099894744239
Gharsa,2021-10,2021,10,4.202604126508278,296.0524042686352,282.071574333064,1507.0268374366417,3.4110246198406946,15362.991478355,2021-10-01,22.902404268635223,150.70268374366418,0.34110246198406946,34.10982956710001,40.91170977526631
Gharsa,2021-11,2021,11,18.043443299706357,288.6795242688793,278.137415887462,929.1119885952212,82.14500362056484,14930.277421744657,2021-11-01,15.5295242688793,92.91119885952213,8.214500362056484,25.45554843489316,49.453503894406516
Gharsa,2021-12,2021,12,1.2342812743780185,283.79188559238645,275.89442270602024,708.62047429399,1.0188269370021723,14642.547999497034,2021-12-01,10.641885592386473,70.862047429399,0.10188269370021724,19.700959989940714,58.12562250512598
Gharsa,2022-01,2022,1,0.430061146153111,282.9030441901355,273.3649352184131,724.61169442433,3.766541455467053,14628.346964993812,2022-01-01,9.75304419013554,72.461169442433,0.37665414554670534,19.416939299876276,51.457214061845924
Gharsa,2022-02,2022,2,6.750909284811622,286.4619906581286,274.4167575532787,955.8923560825496,31.79994116582188,14944.947083299186,2022-02-01,13.31199065812865,95.58923560825497,3.179994116582188,25.74894166598375,43.87377784469672
Gharsa,2022-03,2022,3,18.762225815836125,289.3299645384608,277.1926864596236,1476.7475108616952,44.47200850832731,15031.268157165368,2022-03-01,16.17996453846081,147.67475108616952,4.447200850832732,27.47536314330739,44.40842913478732
Gharsa,2022-04,2022,4,9.956777761287604,293.6624758251067,276.8357237243955,2145.442817704561,46.28238142650255,15332.38643629398,2022-04-01,20.51247582510672,214.5442817704561,4.628238142650256,33.497728725879654,33.006213746710166
Gharsa,2022-05,2022,5,9.452780721877724,299.5923674986635,277.42477111006866,2497.7368075669824,7.871107892831285,15798.11985181308,2022-05-01,26.442367498663543,249.77368075669824,0.7871107892831285,42.81239703626164,24.056353731590136
Gharsa,2022-06,2022,6,4.357540503861251,306.74468565973524,280.8914976475489,2994.4392197682846,4.98119569152788,16085.325198414002,2022-06-01,33.59468565973526,299.44392197682845,0.498119569152788,48.55650396828008,20.264167983983143
Gharsa,2022-07,2022,7,0.006104408002561,307.0401989689534,283.8911459851228,2899.7747782404044,4.521497103548153,16053.213253957289,2022-07-01,33.89019896895343,289.9774778240405,0.4521497103548153,47.91426507914582,24.39123959127579
Gharsa,2022-08,2022,8,0.0572647154360348,306.78630702815883,286.5180341824104,2773.866333272994,44.58902063721944,15986.187906062012,2022-08-01,33.63630702815885,277.3866333272994,4.458902063721944,46.573758121240246,29.410248480804572
Gharsa,2022-09,2022,9,15.81703764094865,304.1758384109422,286.8851483235755,2146.6625859884125,172.21721125995668,15732.959117570965,2022-09-01,31.025838410942242,214.66625859884127,17.221721125995668,41.50918235141933,34.907312482384015
Gharsa,2022-10,2022,10,5.728349267171723,297.308656295806,283.4148240390367,1417.2227099927586,1.5620021723388848,15471.415761676011,2022-10-01,24.158656295805997,141.72227099927588,0.1562002172338885,36.27831523352023,41.50614869627608
Gharsa,2022-11,2022,11,6.775844738126823,290.43065786855533,278.1210560370636,1081.4717143374362,1.011812092686459,14987.93226039323,2022-11-01,17.280657868555352,108.14717143374362,0.10118120926864592,26.60864520786464,44.18802857272368
Gharsa,2022-12,2022,12,8.44722267304323,287.2795940149455,278.65185197965536,725.994365496017,43.76507060101377,14695.709363549542,2022-12-01,14.129594014945496,72.5994365496017,4.376507060101377,20.764187270990874,56.09020154603592
Gharsa,2023-01,2023,1,0.2322314984289982,283.32192431839866,272.4690232631044,752.3015477914556,0.1136404779145547,14601.818228933236,2023-01-01,10.17192431839868,75.23015477914556,0.011364047791455471,18.886364578664768,46.8815187887939
Gharsa,2023-02,2023,2,10.712880812273786,286.0663804467992,274.36878023117555,982.894528421435,35.94023805213615,14778.679239197518,2023-02-01,12.916380446799224,98.2894528421435,3.5940238052136153,22.42358478395039,44.86687355188927
Gharsa,2023-03,2023,3,4.794150984873773,291.58257184721674,275.46795640119666,1615.8191754163638,5.795279688631427,15299.265287502967,2023-03-01,18.432571847216764,161.5819175416364,0.5795279688631427,32.835305750059376,34.096653484491746
Gharsa,2023-04,2023,4,9.41425447174563,294.98258461169894,276.2964894555453,2097.418039464156,8.926841962346128,15481.855210957596,2023-04-01,21.832584611698962,209.74180394641564,0.8926841962346128,36.487104219151945,29.30219766694673
Gharsa,2023-05,2023,5,23.741995741493337,297.26857994958726,282.2848912846837,2210.79523443157,312.99735246198406,15546.078553456586,2023-05-01,24.118579949587286,221.079523443157,31.29973524619841,37.77157106913177,38.56995096208797
Gharsa,2023-06,2023,6,7.427939475396672,303.58139436268783,284.3538997558761,2601.7890794713976,12.36214699493122,15804.085692886192,2023-06-01,30.431394362687854,260.17890794713975,1.236214699493122,42.93171385772388,30.587233547411753
Gharsa,2023-07,2023,7,0.1263278602503731,309.6636664450694,282.4049529650642,2947.868392469227,0.6934965604634322,16098.10350989076,2023-07-01,36.51366644506942,294.7868392469227,0.06934965604634323,48.81207019781522,19.098976513792174
Gharsa,2023-08,2023,8,3.9244935184863854,305.7772342082301,286.36504357136835,2626.251516111512,49.94813540912385,15864.213405490598,2023-08-01,32.62723420823011,262.62515161115124,4.994813540912386,44.13426810981201,30.816237068646302
Gharsa,2023-09,2023,9,7.894823999966123,302.9794422096337,285.2671031635831,2151.579064083997,0.0496017378711078,15660.361514323104,2023-09-01,29.829442209633726,215.1579064083997,0.00496017378711078,40.05723028646213,33.63061655622586
Gharsa,2023-10,2023,10,3.066898892590301,298.51936543835296,281.30889415353965,1567.2432340695143,1.120451665459812,15404.41539178739,2023-10-01,25.369365438352986,156.72432340695144,0.1120451665459812,34.93830783574782,33.507092286954666
Gharsa,2023-11,2023,11,13.37353998110427,291.17284207077574,280.27931030663404,1035.804693157133,38.82284123823317,14947.912662345909,2023-11-01,18.022842070775766,103.5804693157133,3.882284123823317,25.808253246918184,48.94413907785318
Gharsa,2023-12,2023,12,9.399310175670276,285.2224343432897,278.6441814076459,687.9203475742219,163.15819605358436,14594.905507920825,2023-12-01,12.072434343289729,68.79203475742219,16.31581960535844,18.748110158416523,64.11920581919031
Gharsa,2024-01,2024,1,1.9311939755108067,285.5044167339149,275.5120629195448,801.7738052136131,13.634436097031154,14564.288232437437,2024-01-01,12.354416733914945,80.17738052136131,1.3634436097031155,18.13576464874876,50.51277182144461
Gharsa,2024-02,2024,2,8.82173380806266,287.50800809803746,276.0351514251343,1017.4240586531512,39.86447773352644,14807.547981870772,2024-02-01,14.358008098037487,101.74240586531512,3.986447773352644,23.000959637415463,46.00717529809018
Gharsa,2024-03,2024,3,6.637492682200159,292.1563796104295,275.3484507476262,1665.6966419261382,7.96970039826213,15127.27414194258,2024-03-01,19.00637961042952,166.56966419261383,0.7969700398262131,29.39548283885165,32.61650805494211
Gharsa,2024-04,2024,4,21.04550157116253,294.41374184552546,278.5594544962461,2043.885567523535,156.63844134685016,15286.03682970186,2024-04-01,21.263741845525487,204.3885567523535,15.663844134685016,32.570736594037214,35.55041444460842
Gharsa,2024-05,2024,5,11.7948282469563,300.52416365217294,279.67841339282626,2539.4109341057224,54.60268826937004,15593.476679652318,2024-05-01,27.374163652172967,253.94109341057225,5.460268826937004,38.71953359304638,26.62981691936392
Gharsa,2024-06,2024,6,3.090191532369582,305.74141098862134,282.8856296239633,2904.548289283127,2.0313178855901515,15704.53673893969,2024-06-01,32.59141098862136,290.4548289283127,0.20313178855901515,40.94073477879385,24.531726966469265
Gharsa,2024-07,2024,7,0.0,307.89450341610086,283.69279187317403,2916.236784938452,0.0400524981897176,15870.532011415567,2024-07-01,34.74450341610088,291.6236784938452,0.00400524981897176,44.26064022831139,22.953037086129505
Gharsa,2024-08,2024,8,3.8504930970010736,306.74603308726046,286.7663628700508,2594.054308472121,11.485359341057206,15849.97864090395,2024-08-01,33.59603308726048,259.40543084721213,1.1485359341057206,43.849572818079025,29.956946368471485
Gharsa,2024-09,2024,9,27.83951741908773,302.2170467383279,288.3161865834157,1771.8665595582916,140.02111241853737,15539.37566295836,2024-09-01,29.067046738327917,177.18665595582917,14.002111241853738,37.637513259167235,42.84827849925166
Gharsa,2024-10,2024,10,15.852276821349635,298.497122191543,287.33325317992063,1637.914645184647,82.5836124185373,15200.80452279634,2024-10-01,25.347122191543008,163.79146451846472,8.25836124185373,30.866090455926837,50.02200287411634
Gharsa,2024-11,2024,11,5.319778709336087,292.40437309582666,282.03824251742174,1004.912948044896,6.960762128892108,14878.765325386285,2024-11-01,19.25437309582668,100.4912948044896,0.6960762128892108,24.425306507725736,51.069530749268175
Gharsa,2024-12,2024,12,2.4457669201157075,285.3330903287341,276.31659309335794,813.757241129616,16.397673787110797,14506.81979346222,2024-12-01,12.183090328734124,81.3757241129616,1.6397673787110798,16.98639586924446,54.083228940007984
Melghigh,2019-01,2019,1,8.481864624436966,283.0430532032632,274.71011508017034,813.7429627744553,34.678903168342,14645.840711085964,2019-01-01,9.893053203263207,81.37429627744554,3.4678903168342003,19.7668142217193,56.16052181042474
Melghigh,2019-02,2019,2,10.950646427336656,284.9668769570788,273.3844714519011,889.2717549589287,13.337348545899248,14943.446574707092,2019-02-01,11.816876957078819,88.92717549589287,1.3337348545899248,25.718931494141884,44.92273482331007
Melghigh,2019-03,2019,3,34.26975611478449,288.9137228284953,275.957012640734,1381.9124217104236,263.1629978368748,15175.920345756276,2019-03-01,15.763722828495304,138.19124217104238,26.316299783687484,30.368406915125547,41.79888163334063
Melghigh,2019-04,2019,4,18.637744491193228,292.7086023628995,280.086625260398,1747.2426588058977,212.65161668858056,15360.245476634424,2019-04-01,19.558602362899535,174.72426588058977,21.265161668858056,34.0549095326885,43.88272119512042
Melghigh,2019-05,2019,5,27.888885886556054,296.7926356859792,280.7516370186015,2206.6524437658163,204.08571206401703,15736.117252810893,2019-05-01,23.6426356859792,220.66524437658165,20.408571206401703,41.5723450562179,35.772404873066456
Melghigh,2019-06,2019,6,5.6617500139573576,306.0932650331008,280.35387694185727,3301.930426545643,7.895229814367105,16053.668372521444,2019-06-01,32.94326503310083,330.19304265456435,0.7895229814367105,47.92336745042894,20.26118646625375
Melghigh,2019-07,2019,7,2.333869486757241,307.61502465752443,283.42442107785155,2992.7264777820183,8.97158247444543,16112.70665733487,2019-07-01,34.46502465752445,299.2726477782018,0.8971582474445431,49.10413314669739,22.89879268340673
Melghigh,2019-08,2019,8,8.907511193975374,307.1824776899196,285.8669104001614,2844.912704471871,132.51770086666377,16022.504129550714,2019-08-01,34.03247768991963,284.4912704471871,13.251770086666378,47.3000825910143,27.568515284981995
Melghigh,2019-09,2019,9,24.21196901103328,302.51366082038925,287.97779072283856,2198.2376327211546,77.51821690630696,15680.8368748178,2019-09-01,29.36366082038927,219.82376327211546,7.751821690630696,40.46673749635602,41.21299399895034
Melghigh,2019-10,2019,10,20.961484606564355,296.4872815917676,284.01337470846806,1447.0462032206524,61.74054516407231,15426.507663889352,2019-10-01,23.337281591767635,144.70462032206524,6.174054516407232,35.38015327778709,45.38310638003872
Melghigh,2019-11,2019,11,29.530248815022546,287.1088041223002,279.83921706327675,880.1848623658649,166.2619784818537,14896.819281372513,2019-11-01,13.95880412230025,88.0184862365865,16.62619784818537,24.786385627450272,61.557725115043056
Melghigh,2019-12,2019,12,8.530939126966178,286.4772563358116,277.6624448753564,711.0697289731517,15.418197113005606,14740.98740639438,2019-12-01,13.327256335811626,71.10697289731517,1.5418197113005607,21.669748127887658,55.15828410262789
Melghigh,2020-01,2020,1,4.589081043529605,284.0022458554596,275.6947479142427,684.240198781298,30.77488654196885,14690.224065784028,2020-01-01,10.852245855459614,68.4240198781298,3.0774886541968853,20.654481315680584,56.5116027592098
Melghigh,2020-02,2020,2,4.074107850195306,287.78670829934896,274.4170176541895,872.04706564307,0.0317046273911014,15033.053133547892,2020-02-01,14.636708299348982,87.204706564307,0.00317046273911014,27.51106267095787,40.26290254315004
Melghigh,2020-03,2020,3,28.687357516433806,289.7051806236556,277.7837328419972,1504.6256167734084,192.51463290494965,15132.106526097985,2020-03-01,16.555180623655644,150.46256167734086,19.251463290494968,29.492130521959723,45.191832528632155
Melghigh,2020-04,2020,4,16.212897674205088,294.2079473966308,281.17960097342143,1929.8911014972207,117.09941892522367,15536.297372667015,2020-04-01,21.057947396630823,192.98911014972208,11.709941892522368,37.57594745334035,43.09941993320872
Melghigh,2020-05,2020,5,21.381818531702866,300.5953931169316,279.3522777745804,2524.348560037323,54.51358668759101,15853.086138797262,2020-05-01,27.445393116931598,252.4348560037323,5.451358668759101,43.91172277594529,25.93000624438037
Melghigh,2020-06,2020,6,9.354035193229148,304.0279661980037,281.90009796753003,2806.268588030706,12.620534136375843,15990.861942966032,2020-06-01,30.87796619800372,280.6268588030706,1.2620534136375845,46.66723885932066,25.301204409584393
Melghigh,2020-07,2020,7,0.7766944612696794,306.2556183994318,284.09341515756034,2902.9492584581008,12.491821125107798,16155.609443157387,2020-07-01,33.10561839943182,290.2949258458101,1.2491821125107798,49.96218886314779,25.831998149582276
Melghigh,2020-08,2020,8,0.6207015895519278,307.00237931260534,284.4956942348361,2722.842197904736,3.3733511473045747,16108.667834859294,2020-08-01,33.852379312605365,272.2842197904736,0.3373351147304575,49.02335669718593,25.443233215983902
Melghigh,2020-09,2020,9,23.983242986713027,300.58963605403136,286.8714449432233,1889.9353678019536,423.91056962293743,15646.18469622658,2020-09-01,27.439636054031382,188.99353678019537,42.391056962293746,39.77369392453164,42.907034906339995
Melghigh,2020-10,2020,10,16.404835534538893,294.69496384821923,281.013054329175,1301.0088999165846,5.920289547723059,15324.627050483676,2020-10-01,21.544963848219254,130.10088999165848,0.592028954772306,33.34254100967354,41.36061907331038
Melghigh,2020-11,2020,11,14.188886878481696,290.6559075585148,280.33802838225773,909.4728619699988,21.33481076190072,15020.342826969243,2020-11-01,17.50590755851482,90.94728619699988,2.133481076190072,27.2568565393849,50.767291155906584
Melghigh,2020-12,2020,12,9.09632240481486,285.1993676394851,276.89634169682085,749.6830244164508,29.69056707808457,14716.09939722032,2020-12-01,12.049367639485126,74.9683024416451,2.9690567078084573,21.171987944406396,56.83739353043879
Melghigh,2021-01,2021,1,3.9399087566845408,284.7295995640815,274.24348618633485,844.693896594138,15.233999236544085,14712.463019670198,2021-01-01,11.579599564081548,84.4693896594138,1.5233999236544085,21.099260393403995,48.54848781918826
Melghigh,2021-02,2021,2,11.718926104101971,288.13452273431886,274.84378659884067,1102.3229277120356,15.175234338550275,14932.90256134484,2021-02-01,14.984522734318887,110.23229277120356,1.5175234338550276,25.50805122689684,40.59305375796532
Melghigh,2021-03,2021,3,14.182630972351154,289.2215321932554,275.15742577458,1471.1535111902838,49.54230111266629,15287.073114740948,2021-03-01,16.07153219325545,147.1153511190284,4.954230111266629,32.591462294818996,38.71990780668194
Melghigh,2021-04,2021,4,16.982057291246566,294.6147507234932,277.606327815675,2024.9750604402595,80.13940139401392,15475.299274498406,2021-04-01,21.46475072349324,202.49750604402595,8.013940139401392,36.355985489968134,32.859405717922
Melghigh,2021-05,2021,5,22.35717609251803,300.1196066444353,281.9725652609661,2393.753340119607,194.30426545644755,15804.144405981044,2021-05-01,26.969606644435316,239.37533401196072,19.430426545644757,42.932888119620884,31.8841161599139
Melghigh,2021-06,2021,6,13.374395486921678,307.1194034299098,280.32296611584525,3289.192058644723,19.29568364649164,15917.760956365022,2021-06-01,33.969403429909846,328.91920586447236,1.929568364649164,45.205219127300495,19.088702262217033
Melghigh,2021-07,2021,7,0.0,307.8953068297788,281.7232150144248,3153.409933409678,2.1774469468832613,16093.89169442583,2021-07-01,34.745306829778826,315.3409933409678,0.21774469468832613,48.72783388851667,20.109185508736907
Melghigh,2021-08,2021,8,3.412322228266638,308.3518997669722,282.7511143389418,2903.307163761292,57.01981450848988,15967.395752518334,2021-08-01,35.20189976697225,290.3307163761292,5.701981450848988,46.1979150503667,21.0129266374269
Melghigh,2021-09,2021,9,17.620884094483706,304.5629247363931,285.11360077033066,2390.905833368678,12.589953485741749,15807.034492512945,2021-09-01,31.41292473639311,239.0905833368678,1.258995348574175,42.990689850258946,30.40960171846409
Melghigh,2021-10,2021,10,15.189277839660216,295.46431048024385,281.47666952405746,1457.6131257864297,13.022776434660898,15430.788778669565,2021-10-01,22.314310480243876,145.761312578643,1.3022776434660899,35.46577557339134,40.7264683835468
Melghigh,2021-11,2021,11,21.3523253082425,288.51985589586457,279.0630051903164,918.7539056425044,81.85765788692363,14966.359277406991,2021-11-01,15.369855895864589,91.87539056425044,8.185765788692363,26.177185548139846,53.27567974416704
Melghigh,2021-12,2021,12,1.331773079359776,284.2213037869249,275.7464514256358,725.7569806732547,4.623870721465833,14729.970804518607,2021-12-01,11.071303786924943,72.57569806732548,0.4623870721465833,21.449416090372154,55.90048727082099
Melghigh,2022-01,2022,1,1.0857944277795917,283.08447675532585,272.9315870784086,753.07226675715,1.654253439086114,14694.5709781703,2022-01-01,9.934476755325875,75.307226675715,0.1654253439086114,20.741419563406055,49.262903842969756
Melghigh,2022-02,2022,2,11.384531439882382,286.2932474925675,273.8787484279726,898.5955097482005,113.70369427832205,14940.609069849355,2022-02-01,13.143247492567525,89.85955097482005,11.370369427832205,25.662181396987137,42.675531600305185
Melghigh,2022-03,2022,3,22.59830789869838,288.5910756391724,277.6736547459718,1358.3768220440822,91.99884774709813,15039.17359604137,2022-03-01,15.441075639172425,135.83768220440822,9.199884774709814,27.633471920827446,48.15132783637634
Melghigh,2022-04,2022,4,18.279738868196077,293.7076367131829,276.6861357893559,2064.1658961417197,65.39083287384595,15485.219150628443,2022-04-01,20.557636713182944,206.41658961417198,6.539083287384596,36.554383012568906,32.56957578803301
Melghigh,2022-05,2022,5,14.420556016912956,299.34033669061387,278.18695294723705,2567.297380215179,15.562320623206222,15846.19238127977,2022-05-01,26.19033669061389,256.7297380215179,1.5562320623206223,43.773847625595465,25.75151963793626
Melghigh,2022-06,2022,6,7.1307792728674695,307.06801886306016,279.4995271085627,3217.92329388811,2.71564801854915,16138.95911402208,2022-06-01,33.91801886306018,321.792329388811,0.271564801854915,49.629182280441626,18.09144896167841
Melghigh,2022-07,2022,7,0.1409930650680464,307.4903542771752,282.8698789262841,3010.387658876588,11.998112567332567,16192.279607146802,2022-07-01,34.34035427717521,301.0387658876588,1.1998112567332568,50.69559214293605,22.218428598124785
Melghigh,2022-08,2022,8,6.988170570263712,306.6968808322721,285.3421711756252,2790.605639677085,31.607350383848654,16054.446299330411,2022-08-01,33.54688083227211,279.0605639677085,3.160735038384866,47.93892598660824,27.368243796348107
Melghigh,2022-09,2022,9,15.725257242227704,303.8299327044624,285.7045807996642,2219.392062886146,160.92072075893165,15820.478566533202,2022-09-01,30.67993270446243,221.93920628861463,16.092072075893167,43.25957133066407,32.963284551558075
Melghigh,2022-10,2022,10,15.563014237676388,297.2439379974417,282.97926312616715,1403.2489997313755,14.681808542223342,15553.388159868107,2022-10-01,24.093937997441742,140.32489997313755,1.4681808542223342,37.91776319736215,40.47146364674227
Melghigh,2022-11,2022,11,14.412270844358886,290.4433711753279,278.3105281947859,1092.9228414697934,3.0567784988194697,15048.49528350543,2022-11-01,17.293371175327934,109.29228414697934,0.305677849881947,27.819905670108653,44.738538154066795
Melghigh,2022-12,2022,12,6.665933502442192,287.2731732991215,278.54746277286034,709.779460208395,42.180210940040425,14778.69646286315,2022-12-01,14.123173299121504,70.9779460208395,4.218021094004043,22.423929257263012,55.70863834961122
Melghigh,2023-01,2023,1,2.70457273287409,283.3775048578925,273.4940659784145,742.1987671600849,4.159936944197026,14648.958702493452,2023-01-01,10.22750485789254,74.2198767160085,0.4159936944197027,19.82917404986904,50.317328877877095
Melghigh,2023-02,2023,2,11.629906157438402,285.4791052690896,273.8909420778832,873.8953429189461,32.25228683321315,14878.04272541312,2023-02-01,12.32910526908961,87.38953429189462,3.225228683321315,24.41085450826239,45.051764183994386
Melghigh,2023-03,2023,3,8.996024661529416,291.59297632973755,275.6462893877948,1599.264700060793,6.625892465821207,15389.095280039275,2023-03-01,18.442976329737576,159.9264700060793,0.6625892465821207,34.63190560078556,34.50925253498622
Melghigh,2023-04,2023,4,9.137375052918156,295.19550331729965,275.76917765922786,2162.9448968627607,5.287306838585625,15581.23143992367,2023-04-01,22.045503317299676,216.29448968627608,0.5287306838585625,38.47462879847342,27.863679130428622
Melghigh,2023-05,2023,5,29.849262595410604,297.4174706895929,281.26711499516864,2331.529018393632,161.1584241704485,15630.55996090978,2023-05-01,24.267470689592926,233.15290183936324,16.115842417044853,39.461199218195645,35.68417139202125
Melghigh,2023-06,2023,6,16.834322753128415,303.9205782743431,283.9272440983986,2687.2474021291923,27.38543213018336,15959.45071980683,2023-06-01,30.77057827434311,268.72474021291924,2.7385432130183363,46.03901439613662,29.161750928651376
Melghigh,2023-07,2023,7,0.1268316859812828,310.00175515561773,281.2900322669899,3139.389404928531,11.088186226689848,16204.452772713568,2023-07-01,36.85175515561775,313.93894049285313,1.108818622668985,50.9390554542714,17.38769809495891
Melghigh,2023-08,2023,8,2.6472088705836523,306.02639214372624,285.0619914416369,2762.382187442563,12.203107548316858,15969.536325870187,2023-08-01,32.876392143726264,276.2382187442563,1.2203107548316858,46.2407265174038,27.898539831297782
Melghigh,2023-09,2023,9,10.95445073658855,302.98152926329124,284.4666265835736,2257.380632254597,1.3204606183992869,15737.457057254946,2023-09-01,29.83152926329126,225.7380632254597,0.1320460618399287,41.59914114509894,31.89610331977509
Melghigh,2023-10,2023,10,8.394392396430721,298.06050383367966,281.2420777354292,1590.4525314218656,1.747260748469553,15487.371370506784,2023-10-01,24.910503833679684,159.04525314218657,0.17472607484695532,36.59742741013571,34.27958220981639
Melghigh,2023-11,2023,11,26.359571118588665,291.2753009652706,279.9598624808958,1039.200923216128,43.45801699396303,15046.59375329564,2023-11-01,18.12530096527064,103.92009232161281,4.345801699396303,27.7818750659128,47.5770274738098
Melghigh,2023-12,2023,12,7.462587987327067,285.5664445586381,277.7519928231884,732.7394282563512,88.94423237335819,14690.840191632671,2023-12-01,12.416444558638148,73.27394282563512,8.89442323733582,20.666803832653443,58.91159463543045
Melghigh,2024-01,2024,1,5.011237801547368,285.59173572757936,275.4038357471236,785.5675446409633,22.227113995277872,14669.719835396165,2024-01-01,12.441735727579385,78.55675446409634,2.222711399527787,20.24439670792333,49.838718116166746
Melghigh,2024-02,2024,2,16.134042772860543,287.5452566457644,276.04686169895245,997.0997441008886,72.63728068315163,14871.33247660022,2024-02-01,14.395256645764448,99.70997441008888,7.263728068315164,24.276649532004456,45.93460763145424
Melghigh,2024-03,2024,3,12.66539192727609,291.7853674604215,275.197254656897,1672.389468549857,3.568654479648244,15224.509789787666,2024-03-01,18.63536746042155,167.2389468549857,0.3568654479648244,31.340195795753345,33.02351398971644
Melghigh,2024-04,2024,4,19.81936614560141,294.2293242393606,278.5821080240444,1927.557344021715,120.88512109259018,15429.326112759058,2024-04-01,21.07932423936063,192.7557344021715,12.08851210925902,35.43652225518116,36.01156210068542
Melghigh,2024-05,2024,5,17.685225618647944,300.32077258999726,279.24729757269057,2541.810648796142,34.30584185152194,15719.406648020626,2024-05-01,27.170772589997284,254.18106487961418,3.430584185152194,41.23813296041254,26.160588130466426
Melghigh,2024-06,2024,6,9.359974907528546,306.2120959913118,282.06214967806807,2963.581548401689,9.547560475604753,15776.29223079022,2024-06-01,33.06209599131182,296.3581548401689,0.9547560475604753,42.37584461580445,22.60309722171563
Melghigh,2024-07,2024,7,0.0,308.27010957810427,282.8791218389005,3115.4939630430777,2.951548825833085,15958.44909384293,2024-07-01,35.12010957810429,311.5493963043078,0.2951548825833085,46.01898187685862,21.29028910703899
Melghigh,2024-08,2024,8,9.680512934577177,306.86042535984546,285.2432603757207,2706.6629342155475,18.10861574132982,15904.56026793408,2024-08-01,33.71042535984549,270.66629342155477,1.810861574132982,44.9412053586816,26.9430316458129
Melghigh,2024-09,2024,9,34.79500823311765,301.5853584323246,288.17195446592467,1823.4224456037653,142.8531549108594,15629.177465713934,2024-09-01,28.43535843232462,182.34224456037654,14.285315491085939,39.43354931427871,44.03670917210956
Melghigh,2024-10,2024,10,15.295115169154098,298.46877396112137,285.2964138976278,1599.53576932321,23.60964075157992,15267.14966273865,2024-10-01,25.318773961121394,159.953576932321,2.3609640751579923,32.192993254773,43.86984855776988
Melghigh,2024-11,2024,11,12.113923501431165,292.16515895035224,281.68275264953974,947.366204351698,11.750088362952592,14962.72699264349,2024-11-01,19.01515895035226,94.73662043516981,1.1750088362952593,26.104539852869834,50.60594840672592
Melghigh,2024-12,2024,12,3.360042657952764,285.3790698604132,275.8087349305434,806.4039459360106,17.240559302144735,14577.455767692652,2024-12-01,12.229069860413233,80.64039459360106,1.7240559302144736,18.399115353853063,52.01534611521016
Merouane,2019-01,2019,1,5.528560595266659,284.47746990032994,276.0747680872718,925.9435702479336,9.601289256198354,14573.803360871225,2019-01-01,11.327469900329959,92.59435702479337,0.9601289256198355,18.32606721742451,56.253832821815955
Merouane,2019-02,2019,2,7.790438070488777,285.86967437922306,275.1266647922667,882.826611570248,10.686247933884308,14846.061239990046,2019-02-01,12.719674379223079,88.2826611570248,1.068624793388431,23.77122479980096,47.981557396439854
Merouane,2019-03,2019,3,14.708461701199068,289.6526001867328,277.5205453142294,1362.1212561983468,206.0890578512397,15104.465804680103,2019-03-01,16.50260018673282,136.2121256198347,20.60890578512397,28.939316093602088,44.516555250346656
Merouane,2019-04,2019,4,7.464028572611553,293.8291918488008,281.12104920743275,1857.5332561983475,128.09011570247932,15298.976518881384,2019-04-01,20.679191848800826,185.75332561983475,12.809011570247932,32.82953037762769,43.93997763657669
Merouane,2019-05,2019,5,10.851997975349637,297.96825030378324,282.0648865072893,2319.951206611571,136.7063801652893,15648.664947035311,2019-05-01,24.81825030378326,231.9951206611571,13.67063801652893,39.82329894070625,36.44335427257882
Merouane,2019-06,2019,6,3.346624772246465,306.54948012709843,282.3155696465379,3372.8907107438035,6.29695867768595,15919.030115964328,2019-06-01,33.39948012709846,337.2890710743804,0.6296958677685951,45.23060231928656,22.561288121210573
Merouane,2019-07,2019,7,0.9593766914301164,308.2749641495753,285.5406914679267,2916.312297520661,2.8368925619834715,15972.443884935892,2019-07-01,35.124964149575305,291.63122975206613,0.2836892561983472,46.29887769871789,25.395316883671416
Merouane,2019-08,2019,8,3.533453263949149,307.8904482485326,287.58829035602224,2960.1960991735536,71.55084297520662,15913.895074483567,2019-08-01,34.74044824853263,296.01960991735535,7.155084297520663,45.12790148967139,29.64356809545867
Merouane,2019-09,2019,9,10.11859971538755,303.72599644735624,289.4404931177668,2303.780396694216,53.25629752066118,15608.603039021673,2019-09-01,30.57599644735626,230.3780396694216,5.325629752066118,39.02206078043349,42.214887523698415
Merouane,2019-10,2019,10,7.730257383352662,297.6155238935325,285.69550614229337,1465.1463801652903,36.49943801652893,15374.872306163456,2019-10-01,24.46552389353252,146.51463801652903,3.649943801652893,34.34744612326915,47.38719918053317
Merouane,2019-11,2019,11,16.279416060217798,288.6958959954006,280.57319151296275,1078.6002975206616,124.65004958677687,14851.193189350335,2019-11-01,15.545895995400599,107.86002975206617,12.465004958677689,23.873863787006712,58.43657617866279
Merouane,2019-12,2019,12,6.31247950982795,287.3295792135769,278.9645129524794,667.1208595041321,12.357619834710754,14678.76982527971,2019-12-01,14.179579213576915,66.71208595041321,1.2357619834710754,20.42539650559422,57.13278615624799
Merouane,2020-01,2020,1,3.0623999066869576,284.5818358783235,277.21510124524224,636.8631404958677,16.495107438016536,14615.150518548444,2020-01-01,11.431835878323511,63.68631404958677,1.6495107438016536,19.1530103709689,60.54190277857742
Merouane,2020-02,2020,2,4.458380269033445,288.3613759078977,276.5503690912743,834.3399669421486,0.0,14936.465587590608,2020-02-01,15.211375907897718,83.43399669421487,0.0,25.579311751812213,45.160423276224975
Merouane,2020-03,2020,3,11.395053457395576,290.6117708080729,279.21266971714607,1631.5300495867762,107.16800000000003,15070.052043672771,2020-03-01,17.461770808072913,163.15300495867763,10.716800000000005,28.25104087345545,47.12018711815572
Merouane,2020-04,2020,4,6.563720780567628,295.5501433670534,281.60966345044835,2049.3274710743804,45.73533884297522,15461.69266525265,2020-04-01,22.40014336705343,204.93274710743805,4.573533884297522,36.083853305053026,40.88117422701989
Merouane,2020-05,2020,5,7.598761262039063,301.3758936896349,281.20867344070274,2658.044396694216,25.067801652892573,15701.256923998615,2020-05-01,28.225893689634916,265.80443966942164,2.5067801652892574,40.87513847997235,28.131657290610004
Merouane,2020-06,2020,6,5.1002513050938605,304.93723134648235,283.7921019613105,2938.1077024793403,4.744099173553719,15850.516389999606,2020-06-01,31.787231346482372,293.81077024793404,0.47440991735537197,43.86032779999215,27.27567376062658
Merouane,2020-07,2020,7,0.2015051597760888,306.9465820159121,285.834561735663,2961.5065123966942,2.527239669421488,16003.606096258276,2020-07-01,33.79658201591212,296.15065123966946,0.25272396694214877,46.92212192516553,27.874978764223105
Merouane,2020-08,2020,8,0.0,307.6152581509491,286.25473527241104,2760.107008264462,0.1586776859504132,16009.726971301056,2020-08-01,34.465258150949126,276.0107008264462,0.015867768595041323,47.04453942602112,27.602946533770055
Merouane,2020-09,2020,9,18.223148715138237,301.0976545021937,289.5617827387965,1934.6821487603315,758.8589090909095,15550.48338571743,2020-09-01,27.9476545021937,193.46821487603316,75.88589090909095,37.85966771434863,49.51812762766942
Merouane,2020-10,2020,10,5.3510784220942815,295.6571571610465,283.4041279070361,1370.5790743801645,2.066809917355372,15216.632108075117,2020-10-01,22.507157161046507,137.05790743801646,0.2066809917355372,31.182642161502372,45.82504225097719
Merouane,2020-11,2020,11,8.855043313067052,291.57580404371697,282.4738647746765,927.3255206611568,9.60000000000001,14928.885620046014,2020-11-01,18.425804043716994,92.73255206611569,0.9600000000000011,25.427712400920313,55.38400995976764
Merouane,2020-12,2020,12,5.265120687744682,286.5194298156562,278.51193799391086,819.6021818181816,14.582776859504143,14626.657402418365,2020-12-01,13.369429815656247,81.96021818181816,1.4582776859504145,19.38314804836733,58.36022573087458
Merouane,2021-01,2021,1,5.6597085517122645,285.84032615657503,275.7627823600376,873.6312066115706,6.599702479338844,14618.76593873608,2021-01-01,12.690326156575054,87.36312066115707,0.6599702479338845,19.225318774721643,50.30027405667592
Merouane,2021-02,2021,2,9.424666975914471,288.82977511659885,276.46032470999467,1143.1662148760322,6.725619834710745,14818.650036969457,2021-02-01,15.679775116598876,114.31662148760323,0.6725619834710745,23.223000739389192,43.54688354143465
Merouane,2021-03,2021,3,5.508443566985122,290.01224109803815,277.46580898164626,1486.2068099173557,41.848628099173546,15167.762250783857,2021-03-01,16.86224109803817,148.62068099173558,4.184862809917354,30.20524501567718,43.345024568628524
Merouane,2021-04,2021,4,6.925505015733516,295.42666373552913,279.3048030780895,2133.4529917355367,67.71454545454544,15368.864662044318,2021-04-01,22.276663735529155,213.34529917355368,6.771454545454545,34.22729324088641,35.1859168332478
Merouane,2021-05,2021,5,9.088848902528792,300.74941711227905,283.3931933370084,2556.67305785124,114.77490909090916,15615.757376675218,2021-05-01,27.59941711227907,255.66730578512403,11.477490909090918,39.16514753350435,33.80411098354097
Merouane,2021-06,2021,6,6.776109796542782,307.4518258452311,282.3943202723176,3445.412396694217,16.587471074380176,15773.271807088897,2021-06-01,34.30182584523112,344.5412396694217,1.6587471074380176,42.31543614177798,21.56607966577012
Merouane,2021-07,2021,7,0.0,308.3449810107773,284.4617412237816,3239.198049586776,0.0,15967.912988990896,2021-07-01,35.194981010777326,323.9198049586776,0.0,46.20825977981798,23.56003298723222
Merouane,2021-08,2021,8,0.0,308.8632088659913,285.9035744342662,2939.8664793388425,43.661851239669424,15869.031729876977,2021-08-01,35.713208865991305,293.9866479338843,4.366185123966942,44.23063459753956,25.175183439482048
Merouane,2021-09,2021,9,6.266893795430595,305.28138725591583,287.53035342048327,2467.013785123966,7.326743801652895,15726.695579004652,2021-09-01,32.131387255915854,246.70137851239662,0.7326743801652895,41.38391158009307,34.18250156618464
Merouane,2021-10,2021,10,8.05787538092964,296.5695888657002,283.60831695724096,1473.681553719009,10.655107438016538,15372.67472543959,2021-10-01,23.419588865700234,147.36815537190088,1.0655107438016538,34.30349450879186,43.957142814279024
Merouane,2021-11,2021,11,23.22427481001141,289.6271814807239,280.662374594922,996.5239338842982,61.47309090909096,14924.094958796704,2021-11-01,16.477181480723914,99.65239338842983,6.147309090909097,25.331899175934097,55.400251829588754
Merouane,2021-12,2021,12,0.1151251091490884,285.10522241803665,277.48831514306875,738.5067107438019,2.02406611570248,14647.73041338976,2021-12-01,11.95522241803667,73.8506710743802,0.202406611570248,19.80460826779523,59.61638495202467
Merouane,2022-01,2022,1,0.3995770622999351,283.78259208009433,275.1236538191345,737.9186776859507,0.868595041322314,14589.441895291477,2022-01-01,10.632592080094355,73.79186776859507,0.08685950413223141,18.638837905829575,55.05866271967598
Merouane,2022-02,2022,2,6.084700929371365,287.0533985910185,275.88588379477125,895.6914380165293,43.75563636363639,14866.26982283959,2022-02-01,13.903398591018515,89.56914380165294,4.37556363636364,24.175396456791816,46.883374316666206
Merouane,2022-03,2022,3,10.764028361553496,289.83576947131064,278.18763600938934,1488.412297520662,23.448628099173565,14988.865281841265,2022-03-01,16.685769471310664,148.8412297520662,2.3448628099173567,26.627305636825326,46.098421563037235
Merouane,2022-04,2022,4,5.825916498675828,294.34009467210893,278.371098980377,2177.7074049586777,85.45213223140496,15302.257244623104,2022-04-01,21.190094672108955,217.77074049586778,8.545213223140497,32.8951448924621,35.24727324718994
Merouane,2022-05,2022,5,4.819981960896703,300.0338435939764,280.0355280632605,2763.5773553719,6.818181818181818,15711.809812265145,2022-05-01,26.88384359397645,276.35773553719,0.6818181818181819,41.086196245302915,28.08770286570827
Merouane,2022-06,2022,6,4.1812150125569385,307.4101171027083,282.3299172366241,3229.784165289256,1.5296859504132236,16023.926000872503,2022-06-01,34.26011710270831,322.97841652892566,0.15296859504132237,47.3285200174501,21.522722857670015
Merouane,2022-07,2022,7,0.0,308.0572726153786,284.9606013395254,3062.8479999999986,0.5008925619834711,16021.458128447111,2022-07-01,34.907272615378645,306.28479999999985,0.050089256198347115,47.27916256894224,24.74080497485675
Merouane,2022-08,2022,8,1.445102250331339,307.6178645835603,287.2814454020878,2894.2223471074394,5.2789090909090906,15928.208861413164,2022-08-01,34.4678645835603,289.42223471074396,0.5278909090909091,45.41417722826333,29.50448222706381
Merouane,2022-09,2022,9,4.451156707404877,304.76799574577666,287.6110376795979,2305.9357024793394,159.51844628099172,15758.294459156872,2022-09-01,31.617995745776682,230.59357024793394,15.951844628099174,42.01588918313746,35.37571930090222
Merouane,2022-10,2022,10,6.906428663469105,298.1111718117552,285.24011292636897,1411.4588429752064,15.35781818181819,15443.432297366886,2022-10-01,24.961171811755207,141.14588429752064,1.5357818181818192,35.718645947337734,44.648546566290136
Merouane,2022-11,2022,11,8.093005386942721,291.4793418885399,280.2971096741855,1181.0176859504134,0.2072727272727273,14941.258789041423,2022-11-01,18.329341888539943,118.10176859504134,0.020727272727272733,25.67517578082851,48.06990855469985
Merouane,2022-12,2022,12,7.568773886037175,288.0280610847211,280.41473419334073,681.6761983471074,20.79170247933885,14719.937881319627,2022-12-01,14.87806108472114,68.16761983471075,2.079170247933885,21.248757626392546,60.34079091817361
Merouane,2023-01,2023,1,2.5010489918648395,284.5359617839773,275.82045687829793,758.2845619834716,1.693520661157025,14590.76522799279,2023-01-01,11.385961783977336,75.82845619834715,0.16935206611570253,18.665304559855826,55.035457105617645
Merouane,2023-02,2023,2,10.284768010548632,286.17586517475536,275.81132645811766,831.5435371900826,25.382842975206625,14797.719096733032,2023-02-01,13.025865174755381,83.15435371900827,2.5382842975206628,22.804381934660682,49.3780829034071
Merouane,2023-03,2023,3,6.130445668237464,292.4409723465374,277.2509665747809,1646.5518677685943,6.145785123966943,15275.186924841331,2023-03-01,19.290972346537444,164.65518677685944,0.6145785123966944,32.35373849682668,36.654910532157125
Merouane,2023-04,2023,4,5.29814810769707,295.9299838417861,278.06659093248425,2241.883008264462,0.7996363636363637,15467.67036823513,2023-04-01,22.779983841786134,224.18830082644624,0.07996363636363638,36.20340736470263,31.31935060541157
Merouane,2023-05,2023,5,9.273247806830163,298.592897112119,282.2554879015931,2542.818710743801,101.59709090909092,15558.212772492285,2023-05-01,25.442897112119,254.28187107438012,10.159709090909093,38.014255449845734,35.56650020954186
Merouane,2023-06,2023,6,3.9889944317692887,304.7596102522507,285.2856989496448,2853.85147107438,10.078578512396705,15838.59674573864,2023-06-01,31.609610252250718,285.385147107438,1.0078578512396705,43.621934914772794,30.41422344952567
Merouane,2023-07,2023,7,0.0,310.32010295171426,284.23832082377874,3068.176396694216,5.28009917355372,16059.325742908515,2023-07-01,37.170102951714284,306.81763966942157,0.528009917355372,48.036514858170335,20.826511017521206
Merouane,2023-08,2023,8,1.2168586832144173,306.8122860839138,287.0093988239467,2856.55461157025,10.4510743801653,15856.479454984654,2023-08-01,33.66228608391384,285.655461157025,1.0451074380165302,43.9795890996931,30.321072264514864
Merouane,2023-09,2023,9,4.206735624564035,303.6184163106578,286.4252674367874,2287.668561983471,0.0031074380165289,15674.714818400176,2023-09-01,30.4684163106578,228.7668561983471,0.00031074380165289,40.34429636800354,34.974499090438954
Merouane,2023-10,2023,10,5.850339227363622,298.8130732247465,283.71105390598194,1599.9751735537186,1.0635371900826447,15423.027054231754,2023-10-01,25.66307322474654,159.99751735537188,0.10635371900826447,35.31054108463513,38.69993717597539
Merouane,2023-11,2023,11,12.249263502882693,292.33531679821084,281.8043888618938,1125.627504132231,25.807338842975227,14965.868905052004,2023-11-01,19.185316798210863,112.56275041322311,2.5807338842975227,26.16737810104013,50.48573790885514
Merouane,2023-12,2023,12,6.395794686563915,286.4075603506803,279.3177081207885,784.535008264463,77.20400000000001,14597.442390358265,2023-12-01,13.257560350680308,78.45350082644632,7.7204000000000015,18.798847807165316,62.158262969622704
Merouane,2024-01,2024,1,4.169450256859222,286.1041674538236,276.9835638434234,759.1390082644629,17.069454545454548,14606.524104897666,2024-01-01,12.95416745382363,75.9139008264463,1.7069454545454548,18.98048209795337,53.891605995560205
Merouane,2024-02,2024,2,10.666223139853384,288.754916495484,277.0592060102282,1106.0905785123966,57.67361983471075,14844.280549886407,2024-02-01,15.60491649548402,110.60905785123967,5.767361983471075,23.7356109977282,45.6406376598918
Merouane,2024-03,2024,3,5.635400233199543,292.6778964399351,276.76755578930766,1706.0405619834723,3.123107438016529,15127.385443417495,2024-03-01,19.527896439935148,170.60405619834725,0.3123107438016529,29.397708868349923,34.91247302598135
Merouane,2024-04,2024,4,19.878259162689652,294.8139658422118,280.5895721428263,1981.54876033058,117.01748760330578,15267.18843239294,2024-04-01,21.663965842211837,198.15487603305803,11.70174876033058,32.19376864785886,39.89241967826466
Merouane,2024-05,2024,5,6.48472660838633,300.9848793776436,281.2137306524976,2638.105024793389,19.586677685950427,15576.961043612171,2024-05-01,27.83487937764363,263.81050247933894,1.9586677685950429,38.38922087224347,28.790166882523483
Merouane,2024-06,2024,6,4.500639689526144,306.50535907778186,284.2569263740155,3102.554181818184,1.0286611570247934,15631.557849210933,2024-06-01,33.355359077781884,310.2554181818184,0.10286611570247935,39.48115698421867,25.750362909057923
Merouane,2024-07,2024,7,0.0,308.774778151886,285.086334857643,3144.353157024796,0.0,15832.568461033366,2024-07-01,35.624778151886005,314.4353157024796,0.0,43.50136922066736,23.976180935334472
Merouane,2024-08,2024,8,4.525371397405408,307.6224014518652,287.1713322123139,2718.711471074379,8.307471074380166,15819.071261102436,2024-08-01,34.47240145186521,271.87114710743793,0.8307471074380166,43.231425222048756,29.287328838765983
Merouane,2024-09,2024,9,21.112698673656425,302.71660980430704,289.87286500972823,1868.5200661157016,119.90185123966944,15572.366293041545,2024-09-01,29.566609804307063,186.85200661157018,11.990185123966945,38.29732586083094,45.98128389698246
Merouane,2024-10,2024,10,9.741196411758708,299.0883468278787,287.2831821192706,1682.5192727272738,24.7984132231405,15192.66190482798,2024-10-01,25.938346827878718,168.2519272727274,2.47984132231405,30.70323809655963,48.14122841933706
Merouane,2024-11,2024,11,7.882348768760027,293.0881946632896,283.6640358428113,972.329553719008,7.913619834710745,14894.487184526615,2024-11-01,19.938194663289607,97.2329553719008,0.7913619834710746,24.73974369053235,54.5843261085516
Merouane,2024-12,2024,12,0.1146876662542056,286.35000071743366,278.05083122207554,825.824,32.38380165289257,14509.64647683027,2024-12-01,13.200000717433682,82.5824,3.238380165289257,17.042929536605413,57.14605429437963
