Date,Water_Volume_m3,Water_Bodies_Count,Avg_Depth_m,Max_Depth_m,Surface_Elevation_m,Total_Surface_Area_km2
-0.1_2019-01-24,0.0,0,0.0,0.0,0.0,0.0
-0.1_2019-01-08,1700336256.0,453,3.336,27.930999755859375,-13.380000114440918,509.7043
-0.1_2019-02-25,950455040.0,501,2.185,25.104999542236328,-16.670000076293945,434.9742
-0.1_2019-02-09,1608195328.0,415,3.753,28.093000411987305,-13.649999618530273,428.5152
-0.1_2019-04-30,413301568.0,461,2.535,20.115999221801758,-7.110000133514404,163.0164
-0.1_2019-03-29,687401344.0,254,2.269,24.724000930786133,-7.409999847412109,302.8916
-0.1_2019-03-13,664795328.0,342,2.115,24.48200035095215,-14.40999984741211,314.2526
-0.1_2019-04-14,1184458368.0,598,1.675,24.39299964904785,-16.40999984741211,707.0636
-0.1_2019-06-01,1151860480.0,472,1.652,24.52899932861328,-15.5,697.1662
-0.1_2019-07-03,350714016.0,274,1.848,25.233999252319336,-11.0600004196167,189.7303
-0.1_2019-05-16,682608128.0,147,2.303,24.798999786376953,-7.409999847412109,296.3362
-0.1_2019-06-17,1203964416.0,889,2.771,40.566001892089844,-3.390000104904175,434.5375
-0.1_2019-07-19,802390784.0,165,2.43,25.19300079345703,-11.819999694824219,330.1942
-0.1_2019-08-04,776191168.0,56,2.69,25.309999465942383,-17.280000686645508,288.583
-0.1_2019-08-20,746854464.0,147,2.669,25.243999481201172,-14.4399995803833,279.841
-0.1_2019-09-05,2478049280.0,298,3.691,28.083999633789062,-10.579999923706055,671.39
-0.1_2019-09-21,1000437760.0,570,1.638,19.70400047302246,-17.6200008392334,610.729
-0.1_2019-10-23,701143808.0,297,1.946,24.85099983215332,-12.34000015258789,360.2997
-0.1_2019-10-07,35783784.0,15,1.451,15.942999839782715,-11.420000076293945,24.6632
-0.1_2019-11-08,737211008.0,342,2.315,25.18400001525879,-12.180000305175781,318.4374
-0.1_2019-12-10,1428231424.0,471,2.92,26.840999603271484,-13.359999656677246,489.0871
-0.1_2019-11-24,3850902016.0,888,3.934,38.13399887084961,-4.869999885559082,978.9148
-0.1_2019-12-26,1720602752.0,483,3.107,27.14900016784668,-14.550000190734863,553.7693
-0.1_2020-01-11,458780768.0,176,2.064,20.08799934387207,-9.399999618530273,222.2547
-0.1_2020-01-27,1495854464.0,382,3.729,28.312000274658203,-13.8100004196167,401.1937
-0.1_2020-02-28,850085248.0,460,2.419,25.538999557495117,-16.549999237060547,351.4671
-0.1_2020-02-12,5080257024.0,255,5.332,32.69900131225586,-6.329999923706055,952.7574
-0.1_2020-03-15,447566368.0,167,1.776,23.920000076293945,-9.449999809265137,251.9586
-0.1_2020-04-16,1070284288.0,287,2.583,26.0,-13.6899995803833,414.3337
-0.1_2020-03-31,2476790784.0,294,3.926,33.28200149536133,-12.75,630.9488
-0.1_2020-05-02,979568064.0,415,2.622,25.775999069213867,-16.31999969482422,373.637
-0.1_2020-05-18,558277248.0,119,2.062,24.410999298095703,-9.5600004196167,270.8039
-0.1_2020-06-03,765552384.0,402,1.776,24.17799949645996,-19.110000610351562,431.1093
-0.1_2020-06-19,669336512.0,48,2.343,24.92099952697754,-14.9399995803833,285.7026
-0.1_2020-07-05,554537600.0,143,2.125,24.524999618530273,-12.649999618530273,261.0059
-0.1_2020-07-21,853261504.0,199,2.314,25.176000595092773,-12.800000190734863,368.7891
-0.1_2020-08-22,658658432.0,117,2.129,24.562000274658203,-13.600000381469727,309.3535
-0.1_2020-08-06,768205312.0,213,2.185,24.82699966430664,-11.899999618530273,351.5709
-0.1_2020-09-07,1243299584.0,182,3.077,26.614999771118164,-12.260000228881836,404.023
-0.1_2020-09-23,4090902016.0,359,5.988,39.62900161743164,-6.340000152587891,683.176
-0.1_2020-10-09,629510528.0,237,2.132,24.704999923706055,-12.609999656677246,295.2056
-0.1_2020-10-25,1129508352.0,1419,2.487,35.319000244140625,-3.7300000190734863,454.1044
-0.1_2020-11-10,526833280.0,216,1.889,24.246000289916992,-6.210000038146973,278.8711
-0.1_2020-11-26,6718363648.0,202,7.885,44.15399932861328,-3.7899999618530273,852.0861
-0.1_2020-12-12,1019367232.0,470,2.299,28.378999710083008,-13.640000343322754,443.4723
-0.1_2020-12-28,1258443776.0,411,3.357,33.36000061035156,-14.979999542236328,374.915
-0.1_2021-02-14,635263232.0,359,2.248,25.34600067138672,-8.59000015258789,282.5374
-0.1_2021-01-13,707331776.0,343,2.207,24.968000411987305,-10.369999885559082,320.4794
-0.1_2021-01-29,612392960.0,384,1.898,24.437000274658203,-14.15999984741211,322.609
-0.1_2021-03-02,1092029440.0,370,3.599,35.87900161743164,-6.820000171661377,303.4247
-0.1_2021-03-18,370061504.0,191,1.616,23.891000747680664,-11.15999984741211,228.9401
-0.1_2021-05-05,10667500.0,6,2.225,19.649999618530273,34.52000045776367,4.7953
-0.1_2021-04-03,947173056.0,476,1.857,24.625,-12.8100004196167,509.9555
-0.1_2021-04-19,369433760.0,183,1.491,23.38599967956543,-12.3100004196167,247.8351
-0.1_2021-05-21,342373440.0,137,1.436,23.402000427246094,-9.880000114440918,238.4095
-0.1_2021-06-22,336901408.0,20,1.816,24.143999099731445,-17.56999969482422,185.5309
-0.1_2021-06-06,1210969856.0,569,3.741,29.209999084472656,-17.65999984741211,323.684
-0.1_2021-07-08,303660160.0,51,1.725,23.972000122070312,-18.469999313354492,176.0016
-0.1_2021-07-24,258426016.0,89,1.543,23.634000778198242,-15.020000457763672,167.4305
-0.1_2021-08-09,205196384.0,64,1.359,23.274999618530273,-20.579999923706055,151.0215
-0.1_2021-09-10,164663600.0,69,1.14,22.732999801635742,-16.459999084472656,144.4661
-0.1_2021-08-25,165208336.0,39,1.302,23.3799991607666,-25.920000076293945,126.9221
-0.1_2021-10-12,2857634304.0,124,8.418,32.779998779296875,0.28999999165534973,339.4679
-0.1_2021-09-26,2355748608.0,407,5.41,38.922000885009766,-10.489999771118164,435.4154
-0.1_2021-10-28,241140832.0,431,1.574,19.548999786376953,-7.010000228881836,153.2066
-0.1_2021-11-13,4323729408.0,912,5.978,39.8650016784668,-11.039999961853027,723.2885
-0.1_2021-12-15,510027360.0,413,1.471,23.631000518798828,-12.119999885559082,346.7565
-0.1_2021-12-31,505705760.0,448,1.549,23.89299964904785,-13.1899995803833,326.5688
-0.1_2021-11-29,823694720.0,338,1.88,40.05400085449219,-12.890000343322754,438.0562
-0.1_2022-01-16,346896416.0,331,1.601,24.305999755859375,-9.319999694824219,216.7247
-0.1_2022-02-01,5818494976.0,433,7.511,53.632999420166016,-12.65999984741211,774.6744
-0.1_2022-02-17,116955000.0,160,1.482,23.97100067138672,-8.020000457763672,78.9396
-0.1_2022-03-05,252089936.0,219,1.69,24.865999221801758,-9.399999618530273,149.1518
-0.1_2022-04-06,227112608.0,142,1.66,17.361000061035156,-14.720000267028809,136.7962
-0.1_2022-04-22,383727040.0,200,1.667,23.35099983215332,-14.1899995803833,230.2416
-0.1_2022-05-08,246956960.0,196,1.73,23.250999450683594,-12.420000076293945,142.7513
-0.1_2022-05-24,214628480.0,178,1.54,23.143999099731445,-15.380000114440918,139.3552
-0.1_2022-07-11,172413120.0,110,1.561,23.53700065612793,-15.1899995803833,110.4591
-0.1_2022-06-09,306092864.0,122,2.048,24.655000686645508,-16.0,149.4352
-0.1_2022-06-25,188643920.0,126,1.59,23.552000045776367,-12.09000015258789,118.6256
-0.1_2022-07-27,1076524672.0,470,4.045,37.902000427246094,-6.489999771118164,266.1109
-0.1_2022-08-12,126178712.0,108,1.488,23.492000579833984,-12.890000343322754,84.8012
-0.1_2022-09-29,305563776.0,232,1.413,23.297000885009766,-17.450000762939453,216.2397
-0.1_2022-09-13,163218128.0,121,1.588,23.60300064086914,-18.84000015258789,102.7629
-0.1_2022-08-28,86036712.0,53,1.463,23.405000686645508,-20.020000457763672,58.7943
-0.1_2022-10-15,284157280.0,272,1.426,23.43000030517578,-17.25,199.2231
-0.1_2022-11-16,179111104.0,321,1.229,23.107999801635742,-15.649999618530273,145.7471
-0.1_2022-12-02,6659291648.0,264,6.781,32.994998931884766,-12.569999694824219,982.0304
-0.1_2022-10-31,217922912.0,357,1.29,23.28700065612793,-15.539999961853027,168.9496
-0.1_2023-01-03,370241568.0,497,1.407,23.94099998474121,-12.84000015258789,263.1384
-0.1_2022-12-18,2126533376.0,540,5.173,26.591999053955078,-12.470000267028809,411.1159
-0.1_2023-02-04,1073392704.0,844,2.548,34.000999450683594,-9.350000381469727,421.3317
-0.1_2023-01-19,1387690496.0,582,3.031,29.226999282836914,-9.569999694824219,457.8758
-0.1_2023-02-20,132145656.0,369,1.269,22.687000274658203,-13.359999656677246,104.1257
-0.1_2023-03-24,30096694.0,143,1.259,12.388999938964844,-11.609999656677246,23.908
-0.1_2023-04-09,19584338.0,126,1.254,11.963000297546387,-11.960000038146973,15.6144
-0.1_2023-03-08,71587424.0,191,1.343,15.644000053405762,-12.40999984741211,53.3227
-0.1_2023-04-25,8111361.5,94,0.993,11.37600040435791,-13.6899995803833,8.1651
-0.1_2023-05-11,27094700.0,127,1.102,13.194000244140625,-13.930000305175781,24.5799
-0.1_2023-05-27,865896256.0,259,2.174,24.982999801635742,-13.729999542236328,398.3089
-0.1_2023-06-12,552930496.0,136,1.892,24.159000396728516,-15.8100004196167,292.2551
-0.1_2023-06-28,439588896.0,223,1.661,23.601999282836914,-13.600000381469727,264.6035
-0.1_2023-07-30,510544800.0,671,2.059,40.11800003051758,-11.270000457763672,247.9432
-0.1_2023-07-14,452842368.0,121,1.815,23.826000213623047,-14.050000190734863,249.5397
-0.1_2023-08-15,235990368.0,91,1.207,22.523000717163086,-15.399999618530273,195.5846
-0.1_2023-09-16,3666183168.0,384,6.743,33.099998474121094,-11.649999618530273,543.6776
-0.1_2023-08-31,3098860800.0,488,5.043,30.104999542236328,-0.800000011920929,614.496
-0.1_2023-10-02,1607392000.0,375,3.834,27.809999465942383,-8.989999771118164,419.2386
-0.1_2023-10-18,710620992.0,370,2.04,24.555999755859375,-14.970000267028809,348.3224
-0.1_2023-11-03,529840672.0,119,2.016,24.30299949645996,-11.880000114440918,262.8492
-0.1_2023-11-19,207555360.0,135,1.186,22.674999237060547,-8.289999961853027,174.9353
-0.1_2023-12-05,1112358272.0,324,2.75,26.2189998626709,-10.989999771118164,404.5079
-0.1_2023-12-21,561156352.0,362,1.9,24.582000732421875,-11.84000015258789,295.4116
-0.1_2024-01-22,1655566976.0,628,3.615,30.295000076293945,-13.970000267028809,457.9854
-0.1_2024-01-06,472268032.0,393,1.704,37.09199905395508,-12.380000114440918,277.1987
-0.1_2024-02-23,712785152.0,356,3.138,43.24399948120117,-2.7799999713897705,227.1523
-0.1_2024-02-07,566854976.0,386,2.455,27.166000366210938,-15.119999885559082,230.8696
-0.1_2024-03-10,108172872.0,139,1.429,15.126999855041504,-11.670000076293945,75.7189
-0.1_2024-03-26,83191360.0,124,1.462,36.80699920654297,-11.0600004196167,56.8954
-0.1_2024-04-11,321836032.0,795,1.731,25.246999740600586,-7.849999904632568,185.9384
-0.1_2024-04-27,724345920.0,232,1.858,24.584999084472656,-17.15999984741211,389.7743
-0.1_2024-05-13,910142272.0,564,1.857,24.731000900268555,-18.43000030517578,490.13
-0.1_2024-05-29,560910144.0,129,2.164,24.71500015258789,-17.719999313354492,259.2443
-0.1_2024-06-14,304058496.0,107,1.512,23.13599967956543,-14.739999771118164,201.065
-0.1_2024-06-30,175333056.0,100,1.082,22.308000564575195,-12.420000076293945,162.0129
-0.1_2024-09-02,388266080.0,329,1.506,23.204999923706055,-9.569999694824219,257.8202
-0.1_2024-08-01,112347488.0,113,0.931,22.19700050354004,-18.700000762939453,120.6326
-0.1_2024-07-16,94258360.0,57,0.867,22.173999786376953,-25.030000686645508,108.7282
-0.1_2024-08-17,517521280.0,313,2.028,27.347999572753906,-9.680000305175781,255.1311
-0.1_2024-10-20,2922678272.0,383,4.466,29.982999801635742,-12.369999885559082,654.4566
-0.1_2024-10-04,606815104.0,164,3.338,35.361000061035156,-4.480000019073486,181.796
-0.1_2024-09-18,2573160192.0,261,3.988,35.869998931884766,-5.090000152587891,645.2048
-0.1_2024-11-05,1243409920.0,340,2.692,26.125,-12.279999732971191,461.9029
-0.1_2024-11-21,1167615360.0,385,2.407,25.784000396728516,-13.380000114440918,485.0747
-0.1_2024-12-07,746120064.0,438,1.687,24.034000396728516,-12.90999984741211,442.1928
-0.1_2024-12-23,856885312.0,419,1.915,24.648000717163086,-12.260000228881836,447.4132
