chott,date,year,month,rain_mm,t2m_K,d2m_K,pet_raw,aet_raw,lst_raw
melghigh,2019-01,2019,1,8.481864624436966,283.0430532032632,274.71011508017034,813.7429627744553,34.678903168342,14645.840711085963
melghigh,2019-02,2019,2,10.950646427336656,284.9668769570788,273.3844714519011,889.2717549589287,13.337348545899248,14943.446574707092
melghigh,2019-03,2019,3,34.26975611478449,288.9137228284953,275.957012640734,1381.9124217104236,263.1629978368748,15175.920345756276
melghigh,2019-04,2019,4,18.637744491193228,292.7086023628995,280.086625260398,1747.2426588058977,212.65161668858056,15360.245476634425
melghigh,2019-05,2019,5,27.888885886556054,296.7926356859792,280.7516370186015,2206.6524437658163,204.08571206401706,15736.117252810891
melghigh,2019-06,2019,6,5.6617500139573576,306.0932650331008,280.35387694185727,3301.930426545643,7.895229814367105,16053.668372521443
melghigh,2019-07,2019,7,2.333869486757241,307.61502465752443,283.42442107785155,2992.7264777820183,8.97158247444543,16112.70665733487
melghigh,2019-08,2019,8,8.907511193975374,307.1824776899196,285.8669104001614,2844.912704471871,132.51770086666377,16022.504129550714
melghigh,2019-09,2019,9,24.21196901103328,302.51366082038925,287.97779072283856,2198.2376327211546,77.51821690630696,15680.8368748178
melghigh,2019-10,2019,10,20.961484606564355,296.48728159176756,284.01337470846806,1447.0462032206524,61.74054516407231,15426.507663889353
melghigh,2019-11,2019,11,29.530248815022542,287.1088041223002,279.83921706327675,880.1848623658649,166.2619784818537,14896.819281372513
melghigh,2019-12,2019,12,8.530939126966178,286.4772563358116,277.6624448753564,711.0697289731517,15.418197113005606,14740.98740639438
melghigh,2020-01,2020,1,4.589081043529605,284.0022458554596,275.6947479142427,684.240198781298,30.774886541968854,14690.224065784027
melghigh,2020-02,2020,2,4.074107850195306,287.78670829934896,274.4170176541895,872.04706564307,0.031704627391101484,15033.053133547892
melghigh,2020-03,2020,3,28.687357516433806,289.7051806236556,277.78373284199716,1504.6256167734084,192.51463290494965,15132.106526097985
melghigh,2020-04,2020,4,16.212897674205088,294.2079473966308,281.17960097342143,1929.8911014972207,117.09941892522367,15536.297372667015
melghigh,2020-05,2020,5,21.381818531702862,300.5953931169316,279.3522777745804,2524.348560037323,54.51358668759101,15853.086138797262
melghigh,2020-06,2020,6,9.354035193229148,304.02796619800375,281.90009796753003,2806.268588030706,12.620534136375845,15990.861942966032
melghigh,2020-07,2020,7,0.7766944612696794,306.2556183994318,284.09341515756034,2902.9492584581008,12.491821125107798,16155.609443157387
melghigh,2020-08,2020,8,0.6207015895519278,307.00237931260534,284.49569423483615,2722.842197904736,3.3733511473045747,16108.667834859294
melghigh,2020-09,2020,9,23.983242986713027,300.58963605403136,286.8714449432233,1889.9353678019538,423.91056962293743,15646.184696226579
melghigh,2020-10,2020,10,16.404835534538893,294.69496384821923,281.013054329175,1301.0088999165846,5.920289547723059,15324.627050483676
melghigh,2020-11,2020,11,14.188886878481696,290.6559075585148,280.33802838225773,909.4728619699987,21.334810761900716,15020.342826969243
melghigh,2020-12,2020,12,9.09632240481486,285.1993676394851,276.89634169682085,749.6830244164508,29.690567078084566,14716.09939722032
melghigh,2021-01,2021,1,3.9399087566845408,284.7295995640815,274.24348618633485,844.693896594138,15.233999236544085,14712.463019670198
melghigh,2021-02,2021,2,11.718926104101971,288.13452273431886,274.84378659884067,1102.3229277120356,15.175234338550277,14932.90256134484
melghigh,2021-03,2021,3,14.182630972351154,289.2215321932554,275.15742577457996,1471.1535111902838,49.54230111266629,15287.073114740948
melghigh,2021-04,2021,4,16.982057291246566,294.6147507234932,277.606327815675,2024.9750604402593,80.13940139401392,15475.299274498406
melghigh,2021-05,2021,5,22.35717609251803,300.11960664443535,281.9725652609661,2393.753340119607,194.30426545644755,15804.144405981044
melghigh,2021-06,2021,6,13.374395486921678,307.1194034299098,280.32296611584525,3289.192058644723,19.295683646491636,15917.760956365022
melghigh,2021-07,2021,7,0.0,307.8953068297788,281.7232150144248,3153.409933409678,2.1774469468832613,16093.89169442583
melghigh,2021-08,2021,8,3.412322228266638,308.3518997669722,282.7511143389418,2903.3071637612916,57.01981450848988,15967.395752518334
melghigh,2021-09,2021,9,17.620884094483706,304.5629247363931,285.11360077033066,2390.905833368678,12.589953485741749,15807.034492512945
melghigh,2021-10,2021,10,15.189277839660217,295.46431048024385,281.47666952405746,1457.6131257864297,13.022776434660898,15430.788778669565
melghigh,2021-11,2021,11,21.3523253082425,288.51985589586457,279.0630051903164,918.7539056425043,81.85765788692363,14966.359277406993
melghigh,2021-12,2021,12,1.331773079359776,284.2213037869249,275.7464514256358,725.7569806732547,4.623870721465833,14729.970804518609
melghigh,2022-01,2022,1,1.0857944277795917,283.08447675532585,272.9315870784086,753.07226675715,1.654253439086114,14694.5709781703
melghigh,2022-02,2022,2,11.384531439882382,286.2932474925675,273.8787484279726,898.5955097482005,113.70369427832205,14940.609069849357
melghigh,2022-03,2022,3,22.59830789869838,288.5910756391724,277.6736547459718,1358.3768220440822,91.99884774709813,15039.17359604137
melghigh,2022-04,2022,4,18.279738868196073,293.7076367131829,276.6861357893559,2064.1658961417193,65.39083287384595,15485.219150628445
melghigh,2022-05,2022,5,14.420556016912956,299.34033669061387,278.18695294723705,2567.297380215179,15.562320623206222,15846.19238127977
melghigh,2022-06,2022,6,7.1307792728674695,307.06801886306016,279.4995271085627,3217.92329388811,2.71564801854915,16138.95911402208
melghigh,2022-07,2022,7,0.14099306506804649,307.49035427717513,282.8698789262841,3010.387658876588,11.998112567332567,16192.279607146802
melghigh,2022-08,2022,8,6.988170570263712,306.6968808322721,285.3421711756252,2790.6056396770855,31.607350383848658,16054.446299330411
melghigh,2022-09,2022,9,15.725257242227705,303.8299327044624,285.7045807996642,2219.392062886146,160.92072075893165,15820.478566533202
melghigh,2022-10,2022,10,15.563014237676388,297.2439379974417,282.97926312616715,1403.2489997313755,14.681808542223342,15553.388159868107
melghigh,2022-11,2022,11,14.412270844358886,290.4433711753279,278.3105281947859,1092.9228414697934,3.0567784988194697,15048.49528350543
melghigh,2022-12,2022,12,6.665933502442192,287.2731732991215,278.54746277286034,709.779460208395,42.180210940040425,14778.69646286315
melghigh,2023-01,2023,1,2.70457273287409,283.3775048578925,273.4940659784145,742.1987671600849,4.159936944197026,14648.958702493452
melghigh,2023-02,2023,2,11.629906157438402,285.4791052690896,273.8909420778832,873.8953429189461,32.25228683321315,14878.042725413121
melghigh,2023-03,2023,3,8.996024661529416,291.59297632973755,275.6462893877948,1599.264700060793,6.625892465821207,15389.095280039275
melghigh,2023-04,2023,4,9.137375052918156,295.19550331729965,275.76917765922786,2162.9448968627607,5.287306838585625,15581.23143992367
melghigh,2023-05,2023,5,29.849262595410604,297.4174706895929,281.26711499516864,2331.5290183936318,161.1584241704485,15630.55996090978
melghigh,2023-06,2023,6,16.834322753128415,303.9205782743431,283.9272440983986,2687.2474021291923,27.385432130183357,15959.45071980683
melghigh,2023-07,2023,7,0.1268316859812828,310.00175515561773,281.2900322669899,3139.389404928531,11.088186226689848,16204.452772713568
melghigh,2023-08,2023,8,2.6472088705836523,306.02639214372624,285.0619914416369,2762.382187442563,12.203107548316858,15969.536325870187
melghigh,2023-09,2023,9,10.95445073658855,302.98152926329124,284.4666265835736,2257.3806322545975,1.3204606183992869,15737.457057254946
melghigh,2023-10,2023,10,8.394392396430721,298.06050383367966,281.2420777354292,1590.4525314218656,1.747260748469553,15487.371370506784
melghigh,2023-11,2023,11,26.359571118588665,291.2753009652706,279.9598624808958,1039.200923216128,43.45801699396303,15046.59375329564
melghigh,2023-12,2023,12,7.462587987327067,285.5664445586381,277.7519928231884,732.7394282563512,88.94423237335819,14690.840191632673
melghigh,2024-01,2024,1,5.011237801547368,285.59173572757936,275.4038357471236,785.5675446409633,22.227113995277872,14669.719835396165
melghigh,2024-02,2024,2,16.134042772860543,287.54525664576437,276.04686169895245,997.0997441008886,72.63728068315163,14871.33247660022
melghigh,2024-03,2024,3,12.66539192727609,291.7853674604215,275.197254656897,1672.389468549857,3.5686544796482433,15224.509789787666
melghigh,2024-04,2024,4,19.81936614560141,294.2293242393606,278.5821080240444,1927.557344021715,120.88512109259018,15429.326112759058
melghigh,2024-05,2024,5,17.685225618647944,300.32077258999726,279.24729757269057,2541.810648796142,34.30584185152194,15719.406648020626
melghigh,2024-06,2024,6,9.359974907528546,306.2120959913118,282.06214967806807,2963.581548401689,9.547560475604751,15776.29223079022
melghigh,2024-07,2024,7,0.0,308.27010957810427,282.8791218389005,3115.4939630430777,2.951548825833085,15958.44909384293
melghigh,2024-08,2024,8,9.680512934577175,306.86042535984546,285.2432603757207,2706.6629342155475,18.10861574132982,15904.560267934081
melghigh,2024-09,2024,9,34.79500823311765,301.5853584323246,288.17195446592467,1823.4224456037653,142.8531549108594,15629.177465713934
melghigh,2024-10,2024,10,15.295115169154098,298.46877396112137,285.2964138976278,1599.53576932321,23.60964075157992,15267.14966273865
melghigh,2024-11,2024,11,12.113923501431165,292.16515895035224,281.68275264953974,947.366204351698,11.750088362952592,14962.72699264349
melghigh,2024-12,2024,12,3.360042657952764,285.3790698604132,275.8087349305434,806.4039459360106,17.240559302144735,14577.455767692652
Merouane,2019-01,2019,1,5.528560595266659,284.47746990032994,276.0747680872718,925.9435702479336,9.601289256198354,14573.803360871223
Merouane,2019-02,2019,2,7.790438070488777,285.86967437922306,275.1266647922667,882.826611570248,10.686247933884307,14846.061239990046
Merouane,2019-03,2019,3,14.708461701199068,289.6526001867328,277.5205453142294,1362.1212561983468,206.08905785123972,15104.465804680105
Merouane,2019-04,2019,4,7.464028572611553,293.8291918488008,281.12104920743275,1857.5332561983475,128.09011570247932,15298.976518881385
Merouane,2019-05,2019,5,10.851997975349637,297.96825030378324,282.0648865072893,2319.951206611571,136.7063801652893,15648.664947035313
Merouane,2019-06,2019,6,3.346624772246465,306.54948012709843,282.3155696465379,3372.8907107438035,6.29695867768595,15919.030115964328
Merouane,2019-07,2019,7,0.9593766914301165,308.2749641495753,285.5406914679267,2916.312297520661,2.8368925619834715,15972.443884935892
Merouane,2019-08,2019,8,3.533453263949149,307.8904482485326,287.58829035602224,2960.1960991735536,71.55084297520662,15913.895074483567
Merouane,2019-09,2019,9,10.11859971538755,303.72599644735624,289.4404931177668,2303.7803966942156,53.25629752066118,15608.603039021673
Merouane,2019-10,2019,10,7.730257383352662,297.6155238935325,285.69550614229337,1465.1463801652903,36.499438016528934,15374.872306163456
Merouane,2019-11,2019,11,16.279416060217798,288.6958959954006,280.57319151296275,1078.6002975206616,124.65004958677689,14851.193189350337
Merouane,2019-12,2019,12,6.31247950982795,287.3295792135769,278.9645129524794,667.1208595041321,12.357619834710754,14678.76982527971
Merouane,2020-01,2020,1,3.0623999066869576,284.5818358783235,277.21510124524224,636.8631404958677,16.495107438016536,14615.150518548444
Merouane,2020-02,2020,2,4.458380269033445,288.3613759078977,276.5503690912743,834.3399669421486,0.0,14936.465587590608
Merouane,2020-03,2020,3,11.395053457395576,290.6117708080729,279.21266971714607,1631.5300495867762,107.16800000000005,15070.052043672773
Merouane,2020-04,2020,4,6.563720780567628,295.5501433670534,281.60966345044835,2049.3274710743804,45.735338842975224,15461.69266525265
Merouane,2020-05,2020,5,7.598761262039063,301.37589368963495,281.20867344070274,2658.044396694216,25.067801652892573,15701.256923998615
Merouane,2020-06,2020,6,5.1002513050938605,304.93723134648235,283.79210196131055,2938.1077024793403,4.744099173553719,15850.516389999606
Merouane,2020-07,2020,7,0.20150515977608885,306.9465820159121,285.834561735663,2961.5065123966942,2.5272396694214874,16003.606096258276
Merouane,2020-08,2020,8,0.0,307.6152581509491,286.25473527241104,2760.107008264462,0.15867768595041323,16009.726971301056
Merouane,2020-09,2020,9,18.223148715138233,301.0976545021937,289.5617827387965,1934.6821487603313,758.8589090909095,15550.48338571743
Merouane,2020-10,2020,10,5.3510784220942815,295.6571571610465,283.4041279070361,1370.5790743801645,2.0668099173553722,15216.632108075115
Merouane,2020-11,2020,11,8.855043313067052,291.57580404371697,282.4738647746765,927.3255206611569,9.60000000000001,14928.885620046014
Merouane,2020-12,2020,12,5.265120687744682,286.5194298156562,278.51193799391086,819.6021818181816,14.582776859504143,14626.657402418363
Merouane,2021-01,2021,1,5.6597085517122645,285.84032615657503,275.7627823600376,873.6312066115706,6.599702479338844,14618.76593873608
Merouane,2021-02,2021,2,9.424666975914473,288.82977511659885,276.46032470999467,1143.1662148760322,6.725619834710745,14818.650036969455
Merouane,2021-03,2021,3,5.508443566985122,290.01224109803815,277.46580898164626,1486.2068099173557,41.848628099173546,15167.762250783857
Merouane,2021-04,2021,4,6.925505015733516,295.42666373552913,279.3048030780895,2133.4529917355367,67.71454545454544,15368.864662044318
Merouane,2021-05,2021,5,9.088848902528792,300.74941711227905,283.39319333700837,2556.6730578512397,114.77490909090915,15615.757376675218
Merouane,2021-06,2021,6,6.776109796542782,307.4518258452311,282.3943202723176,3445.4123966942166,16.587471074380176,15773.271807088897
Merouane,2021-07,2021,7,0.0,308.3449810107773,284.46174122378153,3239.198049586776,0.0,15967.912988990896
Merouane,2021-08,2021,8,0.0,308.8632088659913,285.9035744342662,2939.8664793388425,43.661851239669424,15869.031729876975
Merouane,2021-09,2021,9,6.266893795430595,305.28138725591583,287.53035342048327,2467.013785123966,7.326743801652895,15726.695579004652
Merouane,2021-10,2021,10,8.05787538092964,296.5695888657002,283.60831695724096,1473.681553719009,10.655107438016538,15372.67472543959
Merouane,2021-11,2021,11,23.22427481001141,289.6271814807239,280.66237459492197,996.5239338842982,61.47309090909096,14924.094958796704
Merouane,2021-12,2021,12,0.11512510914908844,285.10522241803665,277.48831514306875,738.5067107438019,2.02406611570248,14647.730413389761
Merouane,2022-01,2022,1,0.39957706229993517,283.78259208009433,275.1236538191345,737.9186776859507,0.868595041322314,14589.441895291477
Merouane,2022-02,2022,2,6.084700929371365,287.05339859101855,275.88588379477125,895.6914380165293,43.75563636363639,14866.26982283959
Merouane,2022-03,2022,3,10.764028361553496,289.83576947131064,278.18763600938934,1488.412297520662,23.448628099173565,14988.865281841265
Merouane,2022-04,2022,4,5.825916498675828,294.34009467210893,278.371098980377,2177.7074049586777,85.45213223140496,15302.257244623104
Merouane,2022-05,2022,5,4.819981960896703,300.0338435939764,280.0355280632605,2763.5773553718996,6.818181818181818,15711.809812265145
Merouane,2022-06,2022,6,4.1812150125569385,307.4101171027083,282.3299172366241,3229.784165289256,1.5296859504132236,16023.926000872503
Merouane,2022-07,2022,7,0.0,308.0572726153786,284.9606013395254,3062.8479999999986,0.5008925619834711,16021.458128447113
Merouane,2022-08,2022,8,1.445102250331339,307.6178645835603,287.2814454020878,2894.2223471074394,5.2789090909090906,15928.208861413164
Merouane,2022-09,2022,9,4.451156707404877,304.76799574577666,287.6110376795979,2305.9357024793394,159.51844628099172,15758.294459156872
Merouane,2022-10,2022,10,6.906428663469105,298.1111718117552,285.24011292636897,1411.4588429752064,15.35781818181819,15443.432297366886
Merouane,2022-11,2022,11,8.093005386942721,291.4793418885399,280.2971096741855,1181.0176859504134,0.2072727272727273,14941.258789041423
Merouane,2022-12,2022,12,7.568773886037175,288.0280610847211,280.41473419334073,681.6761983471074,20.791702479338852,14719.937881319627
Merouane,2023-01,2023,1,2.5010489918648395,284.5359617839773,275.82045687829793,758.2845619834716,1.693520661157025,14590.76522799279
Merouane,2023-02,2023,2,10.284768010548632,286.17586517475536,275.81132645811766,831.5435371900826,25.382842975206625,14797.719096733033
Merouane,2023-03,2023,3,6.130445668237464,292.4409723465374,277.2509665747809,1646.5518677685943,6.145785123966943,15275.186924841333
Merouane,2023-04,2023,4,5.29814810769707,295.9299838417861,278.06659093248425,2241.883008264462,0.7996363636363637,15467.67036823513
Merouane,2023-05,2023,5,9.273247806830165,298.592897112119,282.2554879015931,2542.818710743801,101.59709090909091,15558.212772492285
Merouane,2023-06,2023,6,3.9889944317692887,304.7596102522507,285.2856989496448,2853.8514710743802,10.078578512396705,15838.596745738641
Merouane,2023-07,2023,7,0.0,310.32010295171426,284.23832082377874,3068.1763966942162,5.28009917355372,16059.325742908515
Merouane,2023-08,2023,8,1.2168586832144173,306.8122860839138,287.0093988239467,2856.55461157025,10.451074380165299,15856.479454984654
Merouane,2023-09,2023,9,4.206735624564035,303.6184163106578,286.4252674367874,2287.668561983471,0.0031074380165289264,15674.714818400176
Merouane,2023-10,2023,10,5.850339227363622,298.8130732247465,283.71105390598194,1599.9751735537186,1.0635371900826447,15423.027054231754
Merouane,2023-11,2023,11,12.249263502882693,292.33531679821084,281.8043888618938,1125.627504132231,25.807338842975227,14965.868905052004
Merouane,2023-12,2023,12,6.395794686563915,286.4075603506803,279.31770812078855,784.535008264463,77.20400000000001,14597.442390358263
Merouane,2024-01,2024,1,4.169450256859222,286.1041674538236,276.9835638434234,759.1390082644629,17.069454545454548,14606.524104897666
Merouane,2024-02,2024,2,10.666223139853384,288.754916495484,277.0592060102282,1106.0905785123966,57.67361983471075,14844.280549886409
Merouane,2024-03,2024,3,5.635400233199543,292.6778964399351,276.76755578930766,1706.0405619834723,3.123107438016529,15127.385443417495
Merouane,2024-04,2024,4,19.878259162689655,294.8139658422118,280.5895721428263,1981.5487603305796,117.01748760330578,15267.188432392939
Merouane,2024-05,2024,5,6.48472660838633,300.9848793776436,281.2137306524976,2638.1050247933895,19.586677685950427,15576.961043612173
Merouane,2024-06,2024,6,4.500639689526144,306.50535907778186,284.2569263740155,3102.5541818181837,1.0286611570247934,15631.557849210933
Merouane,2024-07,2024,7,0.0,308.774778151886,285.086334857643,3144.3531570247956,0.0,15832.568461033366
Merouane,2024-08,2024,8,4.525371397405408,307.6224014518652,287.1713322123139,2718.711471074379,8.307471074380166,15819.071261102436
Merouane,2024-09,2024,9,21.112698673656425,302.71660980430704,289.87286500972823,1868.5200661157019,119.90185123966945,15572.366293041545
Merouane,2024-10,2024,10,9.741196411758708,299.0883468278787,287.2831821192706,1682.5192727272738,24.7984132231405,15192.66190482798
Merouane,2024-11,2024,11,7.882348768760027,293.0881946632896,283.6640358428113,972.3295537190081,7.913619834710745,14894.487184526617
Merouane,2024-12,2024,12,0.11468766625420566,286.35000071743366,278.05083122207554,825.824,32.38380165289257,14509.64647683027
Djerid,2019-01,2019,1,9.339637257601888,283.13847434170253,274.31947221728785,824.3484888212103,38.04617238632122,14618.768114004524
Djerid,2019-02,2019,2,4.434025416202911,285.1496909815218,273.8695631153866,896.6504069140079,33.66574560563123,14881.172148263102
Djerid,2019-03,2019,3,13.717746113938297,288.948844335044,275.56646992736216,1466.869414386704,103.40934944181674,15256.724420918512
Djerid,2019-04,2019,4,10.246415289629883,293.56005980062037,279.04661487964825,1895.1878863666166,46.96677625276067,15441.181478391423
Djerid,2019-05,2019,5,8.235623488628324,296.7729799348551,281.09155561446977,2272.787940823508,76.31340950575324,15695.387429059963
Djerid,2019-06,2019,6,1.8461560308859206,304.69576372836895,282.2840881018106,2741.476860862637,4.039788828269169,15974.00358573462
Djerid,2019-07,2019,7,0.0,306.10065430174916,285.17610719142755,2799.846260122425,0.5527878904004597,16037.582649246366
Djerid,2019-08,2019,8,0.5686714735825924,305.8813428783384,287.689498534722,2865.745600588943,32.02754611187866,15964.115939711297
Djerid,2019-09,2019,9,13.619283282642042,302.59254980896975,289.19079069810084,2131.016478252538,39.448200401367465,15715.54620421528
Djerid,2019-10,2019,10,9.466778078529298,296.9586245269783,284.83095128185647,1490.2275440949572,29.753970815139006,15436.871068250737
Djerid,2019-11,2019,11,16.89723147540912,287.7799384934905,279.23869677551454,1096.075493389538,193.8116598259397,14915.5803217662
Djerid,2019-12,2019,12,6.47069223673586,286.8242266143324,277.4008021688519,599.3764988251426,12.122023779510089,14756.477842785247
Djerid,2020-01,2020,1,10.114975617540246,284.47492572143943,275.9750515514255,704.4932483536871,41.99764020128879,14650.94123303731
Djerid,2020-02,2020,2,2.902921913698468,287.51157230077405,275.0150528285028,881.4359274311461,0.006696180958239628,14962.461905765727
Djerid,2020-03,2020,3,14.993681944655558,289.58746863910125,277.9729896172664,1596.3298827159863,110.00883411825212,15130.620152157217
Djerid,2020-04,2020,4,8.359589519621958,294.102419424253,281.5903006409439,1901.2328183459226,75.82023174433492,15565.457640678187
Djerid,2020-05,2020,5,4.870489047605364,299.94836684143837,281.4696841106325,2565.768674176339,26.45767489234679,15729.72641200862
Djerid,2020-06,2020,6,3.7372759593606446,303.15433558916493,283.55096382966457,2560.9541099827543,4.4997327578382595,15911.712925381986
Djerid,2020-07,2020,7,0.11769621021008718,304.6041517144846,286.2130585928969,2782.8669537418955,0.004659089763112512,16053.97798182884
Djerid,2020-08,2020,8,0.0,305.87830641167625,286.2248847753978,2614.959863252689,0.9430068272808866,16006.78753395592
Djerid,2020-09,2020,9,15.083954449616652,301.2825437050378,287.8482647323934,2035.7428424481384,169.01006444065715,15710.34738350527
Djerid,2020-10,2020,10,4.268882147310072,295.4408629167263,282.4557729756593,1446.7553171105567,6.464502173233424,15371.03849523797
Djerid,2020-11,2020,11,11.318797310782786,290.5114381528282,282.25114581682453,925.8954125109667,164.61234759633317,15013.874711732806
Djerid,2020-12,2020,12,6.4963560333333055,285.4261992437862,277.5410354300607,825.7608787729047,35.87574247940218,14675.174947151005
Djerid,2021-01,2021,1,4.118238132600745,285.5665351787636,273.4723521727248,883.7528715926616,8.990712074303403,14738.26275197376
Djerid,2021-02,2021,2,4.861038576239371,288.0571311953108,274.6715696722075,1152.0092879256958,9.16213531529532,14891.48970516613
Djerid,2021-03,2021,3,5.036187331708653,289.113417546217,276.9418863299018,1484.732319157734,34.866010830871005,15234.022933032322
Djerid,2021-04,2021,4,6.280107721929709,294.1990201949223,278.8386628958903,2060.4633928661456,24.17961698651687,15373.008158573262
Djerid,2021-05,2021,5,5.300374714370707,298.78679420180475,282.7675582768864,2523.799109528947,29.13675235223525,15701.333242389075
Djerid,2021-06,2021,6,3.303454170583407,305.12044221272936,282.7889478804214,2872.3505057431826,14.909384737951397,15843.285353289337
Djerid,2021-07,2021,7,0.0,306.2493591089028,284.4253547875906,2944.9223737154716,0.0,16016.473846144656
Djerid,2021-08,2021,8,0.004404879849233666,307.36775211240916,286.29506895201484,2732.4420487893412,8.448064259134132,15936.36303233193
Djerid,2021-09,2021,9,5.040463142014867,303.98765293171857,287.7685372446207,2277.8969604985828,6.786503766601788,15759.257419477659
Djerid,2021-10,2021,10,1.4307035886745216,296.1145429337102,282.8723623549128,1527.4067476124687,7.315486935387903,15371.562145769296
Djerid,2021-11,2021,11,13.068000538333527,289.0837891795727,278.4347268363628,982.771644093948,168.78223797662383,14947.989361753327
Djerid,2021-12,2021,12,0.7496599178410522,283.75563824468026,276.5771195337216,672.0683585280501,1.437490545678234,14653.21649546968
Djerid,2022-01,2022,1,4.5276743403190585,282.838728096547,274.11404714783373,685.2479553453473,27.602742005425505,14618.81747843015
Djerid,2022-02,2022,2,3.140355321605306,286.4186961987655,275.52621128542665,925.823816823146,34.333482921713156,14926.666391153916
Djerid,2022-03,2022,3,17.469892154002505,289.33277496186867,276.7939255996831,1515.6210959954012,34.685698006272595,15081.68576259126
Djerid,2022-04,2022,4,6.953145895108102,292.87602060779943,278.5329922308835,2064.0535291092265,78.34539788828265,15370.322561027595
Djerid,2022-05,2022,5,5.260646386201134,299.0153779749342,277.8693353430905,2392.24609977713,24.643448533193467,15802.171991903173
Djerid,2022-06,2022,6,1.9603444017202345,305.63423579427433,282.55129012632426,2721.726722199252,3.765351297385054,16086.477270726604
Djerid,2022-07,2022,7,0.0,305.9095273823111,284.7575364840396,2827.5016034529685,0.28918627282903553,16015.455245278332
Djerid,2022-08,2022,8,0.4630807843884362,306.0545247512443,287.4240966077752,2753.9543721826117,9.66379423362007,15985.060261116589
Djerid,2022-09,2022,9,10.746443223932573,303.9307344106529,287.2798360081734,2126.1742570163656,109.08172063613713,15715.806023670324
Djerid,2022-10,2022,10,1.4747552533982586,297.09792751928114,283.608637762397,1430.3684966872054,5.873180988493461,15498.754852185584
Djerid,2022-11,2022,11,3.9353202305810213,290.5247152680076,278.04510727545124,1143.4793517612773,2.3271901251500045,15013.105352404355
Djerid,2022-12,2022,12,7.249495333762439,287.73831637479606,279.08776381822867,745.6453444398501,67.58030879075442,14782.634232689577
Djerid,2023-01,2023,1,2.5032609171435776,283.7744931102371,272.67856320312893,746.8133893365335,5.2492713869363925,14650.837208961902
Djerid,2023-02,2023,2,5.953787141466142,285.9155144802629,275.1102899204479,950.937788041669,66.11284174221713,14814.015368227749
Djerid,2023-03,2023,3,6.956731070091881,291.2050260398962,275.7868623968342,1650.2511723358966,12.267262330956717,15322.516839865657
Djerid,2023-04,2023,4,6.754870475829166,293.9834520679863,277.4149844062471,2006.511884712739,47.08093907887175,15468.008209904356
Djerid,2023-05,2023,5,13.06721582302518,296.9104551449543,282.47685324000395,2215.460594386906,165.681401962465,15587.915447849453
Djerid,2023-06,2023,6,4.481191367005414,302.59305961668434,285.0336388354378,2519.22261776303,7.230181220439493,15807.158917293587
Djerid,2023-07,2023,7,0.052437533600986026,308.5971572162826,283.42633627373766,2808.0139369308486,0.15127923276288058,16093.875748133283
Djerid,2023-08,2023,8,2.822731413960872,304.8879095095862,287.0906401026675,2565.768477526446,37.0561964885388,15853.134674088988
Djerid,2023-09,2023,9,5.445241745765811,302.28357678884527,286.09272050539585,2117.5298151490992,0.08731759461885219,15679.327751344159
Djerid,2023-10,2023,10,1.690131762216489,298.38109694939953,281.7287933135849,1597.238198485291,0.11801010477909663,15434.380788741126
Djerid,2023-11,2023,11,8.834686745790371,291.38906368301787,280.34644761088873,1088.3817428222785,61.86372666673388,14995.022810045355
Djerid,2023-12,2023,12,11.372619835652005,285.20359229458916,278.9393516243746,703.3114480491317,174.95296537953413,14623.829389064394
Djerid,2024-01,2024,1,4.2814678062851375,285.567748451843,275.53505978888546,822.430567460997,8.985291596494594,14603.72967384566
Djerid,2024-02,2024,2,4.001432318454226,287.6641628350421,275.9612258527222,1054.8091689272992,46.146267181654046,14833.48550177749
Djerid,2024-03,2024,3,7.590309372290665,292.25700959715556,275.3594401532804,1707.4952551910515,13.863676243684505,15128.498932554383
Djerid,2024-04,2024,4,17.505566164139438,293.2031819697872,280.58091813605216,1959.3951704803294,277.65227760914075,15296.18871204871
Djerid,2024-05,2024,5,7.199988687827853,299.9066113824603,280.4444886565884,2498.3335434293726,31.659195651516196,15576.42262747606
Djerid,2024-06,2024,6,1.9851939081187793,304.06239077092096,284.22537359525097,2829.898730347614,0.7125432377648474,15648.213107544321
Djerid,2024-07,2024,7,0.0,306.72760937351694,285.1425378960869,2739.9079426387375,8.017264852109194E-4,15869.448489190923
Djerid,2024-08,2024,8,2.4146893952751034,305.8417759493264,288.013507379452,2560.665987636268,5.516125291193106,15856.232786830602
Djerid,2024-09,2024,9,14.835183421134078,302.15759764964355,288.729812136061,1792.0923447726423,116.51578745676221,15614.151369586316
Djerid,2024-10,2024,10,14.15783600909457,298.18598441382863,287.77826863480544,1646.5123687740138,177.05182985246213,15209.24364186459
Djerid,2024-11,2024,11,3.4278035449109017,292.0640234540384,282.2457422461309,1022.4672552717292,11.304948518066565,14898.736757469329
Djerid,2024-12,2024,12,1.7768829213877053,285.76197630896496,276.40131028380165,822.1816036546625,17.493202972942996,14545.712275405767
Gharsa,2019-01,2019,1,5.774443121820701,282.9529290619197,274.84242472211776,765.573746379435,35.728864952932675,14600.368979390189
Gharsa,2019-02,2019,2,7.550245151794553,285.10189998796073,273.49322912321065,944.3774438812446,13.23995293265751,14873.723958629354
Gharsa,2019-03,2019,3,13.153282766756975,289.51149737003203,275.2731703908259,1476.6529914916719,106.7027063721941,15205.888914232182
Gharsa,2019-04,2019,4,12.75010908733822,293.50129061922155,279.3351685481606,1861.1737418537302,86.4163649529327,15349.991011127186
Gharsa,2019-05,2019,5,14.957801369395101,297.08581221366427,280.84667381663024,2234.7234793627817,133.84642016654604,15680.576547218454
Gharsa,2019-06,2019,6,2.3402757740740237,305.99203534214934,281.2316197913578,3033.460241672701,8.77070510499638,15955.056842361202
Gharsa,2019-07,2019,7,0.00290763565033139,307.1731128183077,284.2193284184342,2908.6029145546713,17.195103186097047,15993.25750089979
Gharsa,2019-08,2019,8,3.2112486386935566,306.8872622659443,286.7582229280278,2878.116491672701,83.4203023171615,15915.89772842075
Gharsa,2019-09,2019,9,19.08455873292202,302.9507143475543,288.5987734563386,2160.233345401882,24.261789464156422,15618.193908202427
Gharsa,2019-10,2019,10,13.572094551813128,296.9717512710673,284.4710114164972,1458.3287699131058,38.374275887038394,15396.032904830769
Gharsa,2019-11,2019,11,19.959921415566267,287.20741876657064,279.7275047101178,879.2599791817518,126.12576937002171,14868.932325636752
Gharsa,2019-12,2019,12,8.510044729541386,286.59530772112265,277.5707109768568,691.9820103186097,12.154666002896466,14701.199695670593
Gharsa,2020-01,2020,1,1.8604970897123325,284.36046132605514,275.82553669195244,737.1952842143371,21.04686368573499,14639.964763255126
Gharsa,2020-02,2020,2,6.135305954762224,287.6870278599632,274.57799143408124,907.7318066618385,0.0,14955.48729619299
Gharsa,2020-03,2020,3,12.594004001833776,289.6905755526328,277.59397287535785,1555.2589156408412,141.00760318609701,15067.514503791534
Gharsa,2020-04,2020,4,11.925992127691636,294.52841365350054,281.2888876852126,1943.4197139753794,72.0849248732803,15498.54805184971
Gharsa,2020-05,2020,5,10.130435263244221,300.63841744102746,280.2560445025433,2582.1577887400445,39.50076937002174,15762.130359702283
Gharsa,2020-06,2020,6,5.310309855716312,303.981614407397,282.9800738168203,2669.0895410934104,3.6231897175959458,15919.56751204379
Gharsa,2020-07,2020,7,0.2420647291117299,305.814729578369,284.97783315857185,2850.9141473569885,4.627738052136133,16041.990785668788
Gharsa,2020-08,2020,8,0.0,306.79971589386037,285.47440279630956,2612.086373099203,1.784712165097755,16003.319223896857
Gharsa,2020-09,2020,9,19.75935231685152,301.3723095484855,287.0542088488597,1945.3029960173815,187.65715514120205,15705.79008372221
Gharsa,2020-10,2020,10,7.08337510312241,295.25574314010373,282.0892802624976,1329.3440441708897,9.081032766111516,15338.064920192492
Gharsa,2020-11,2020,11,12.822767770584507,290.75539359793896,281.4570481816327,924.5489907675594,77.9071777697321,14994.084931799536
Gharsa,2020-12,2020,12,6.81196402039383,285.25919085690606,277.26125447283385,785.8908399710363,25.31471759594498,14673.002971275422
Gharsa,2021-01,2021,1,2.779012118899517,285.0298084866277,273.73887477306073,820.9255521361328,11.121718863142654,14691.076905005477
Gharsa,2021-02,2021,2,9.012661667289514,288.0221795943091,274.6143904432868,1155.284553765388,13.404982802317175,14866.008941781785
Gharsa,2021-03,2021,3,3.305602038405149,289.5141722859916,275.94165837230037,1517.0876402968877,21.053561730629998,15235.147953353036
Gharsa,2021-04,2021,4,9.875191482892735,294.8519076914527,277.94008379126166,2084.7739183562644,34.354498551774086,15418.691299251048
Gharsa,2021-05,2021,5,9.65904779879243,300.08942575407855,281.6469291050151,2516.696393012311,67.783920166546,15786.413051439305
Gharsa,2021-06,2021,6,5.586061981764388,306.4106629994639,281.675300862997,3101.3599067704586,14.941799420709637,15853.766012021688
Gharsa,2021-07,2021,7,0.0,307.398233156515,282.9617626213599,3052.8399484069514,0.0,16046.397003902024
Gharsa,2021-08,2021,8,0.16701934737117258,308.2064184322665,284.49497978131706,2841.758508327299,6.632603186097031,15900.447274294316
Gharsa,2021-09,2021,9,9.316067401373045,304.62687688033066,286.6109712788255,2292.4813993482994,5.392604996379435,15745.701559846248
Gharsa,2021-10,2021,10,4.202604126508278,296.0524042686352,282.071574333064,1507.0268374366415,3.4110246198406946,15362.991478355
Gharsa,2021-11,2021,11,18.043443299706354,288.6795242688793,278.137415887462,929.1119885952211,82.14500362056484,14930.277421744655
Gharsa,2021-12,2021,12,1.2342812743780185,283.79188559238645,275.89442270602024,708.62047429399,1.0188269370021725,14642.547999497034
Gharsa,2022-01,2022,1,0.430061146153111,282.9030441901355,273.3649352184131,724.61169442433,3.766541455467053,14628.346964993812
Gharsa,2022-02,2022,2,6.750909284811622,286.4619906581286,274.4167575532787,955.8923560825497,31.79994116582188,14944.947083299186
Gharsa,2022-03,2022,3,18.762225815836125,289.32996453846073,277.1926864596236,1476.7475108616952,44.47200850832731,15031.268157165367
Gharsa,2022-04,2022,4,9.956777761287603,293.6624758251067,276.8357237243955,2145.442817704561,46.282381426502546,15332.38643629398
Gharsa,2022-05,2022,5,9.452780721877723,299.5923674986635,277.42477111006866,2497.7368075669824,7.871107892831285,15798.119851813079
Gharsa,2022-06,2022,6,4.357540503861251,306.74468565973524,280.8914976475489,2994.4392197682846,4.98119569152788,16085.325198414002
Gharsa,2022-07,2022,7,0.006104408002561023,307.0401989689534,283.8911459851228,2899.7747782404044,4.521497103548153,16053.213253957287
Gharsa,2022-08,2022,8,0.05726471543603481,306.78630702815883,286.51803418241036,2773.866333272994,44.589020637219434,15986.187906062012
Gharsa,2022-09,2022,9,15.81703764094865,304.1758384109422,286.8851483235755,2146.6625859884125,172.21721125995668,15732.959117570965
Gharsa,2022-10,2022,10,5.728349267171723,297.308656295806,283.4148240390367,1417.2227099927586,1.5620021723388848,15471.415761676013
Gharsa,2022-11,2022,11,6.775844738126823,290.43065786855533,278.12105603706357,1081.4717143374362,1.011812092686459,14987.93226039323
Gharsa,2022-12,2022,12,8.44722267304323,287.2795940149455,278.65185197965536,725.994365496017,43.76507060101377,14695.709363549542
Gharsa,2023-01,2023,1,0.23223149842899823,283.32192431839866,272.4690232631044,752.3015477914556,0.11364047791455471,14601.818228933236
Gharsa,2023-02,2023,2,10.712880812273786,286.0663804467992,274.36878023117555,982.894528421435,35.94023805213615,14778.679239197518
Gharsa,2023-03,2023,3,4.794150984873773,291.58257184721674,275.46795640119666,1615.8191754163638,5.795279688631427,15299.265287502969
Gharsa,2023-04,2023,4,9.41425447174563,294.98258461169894,276.2964894555453,2097.418039464156,8.926841962346128,15481.855210957596
Gharsa,2023-05,2023,5,23.741995741493337,297.26857994958726,282.2848912846837,2210.79523443157,312.99735246198406,15546.078553456586
Gharsa,2023-06,2023,6,7.427939475396672,303.58139436268783,284.3538997558761,2601.7890794713976,12.362146994931221,15804.085692886192
Gharsa,2023-07,2023,7,0.1263278602503731,309.6636664450694,282.4049529650642,2947.868392469227,0.6934965604634322,16098.103509890761
Gharsa,2023-08,2023,8,3.9244935184863854,305.7772342082301,286.36504357136835,2626.251516111512,49.94813540912385,15864.213405490598
Gharsa,2023-09,2023,9,7.894823999966123,302.9794422096337,285.2671031635831,2151.579064083997,0.049601737871107894,15660.361514323105
Gharsa,2023-10,2023,10,3.066898892590301,298.51936543835296,281.30889415353965,1567.2432340695145,1.120451665459812,15404.41539178739
Gharsa,2023-11,2023,11,13.37353998110427,291.17284207077574,280.27931030663404,1035.804693157133,38.822841238233174,14947.912662345909
Gharsa,2023-12,2023,12,9.399310175670275,285.2224343432897,278.6441814076459,687.9203475742219,163.15819605358436,14594.905507920823
Gharsa,2024-01,2024,1,1.9311939755108067,285.5044167339149,275.5120629195448,801.7738052136131,13.634436097031154,14564.288232437437
Gharsa,2024-02,2024,2,8.82173380806266,287.50800809803746,276.0351514251343,1017.4240586531512,39.86447773352644,14807.547981870772
Gharsa,2024-03,2024,3,6.637492682200159,292.1563796104295,275.3484507476262,1665.6966419261382,7.96970039826213,15127.27414194258
Gharsa,2024-04,2024,4,21.045501571162532,294.41374184552546,278.5594544962461,2043.885567523535,156.63844134685016,15286.03682970186
Gharsa,2024-05,2024,5,11.7948282469563,300.52416365217294,279.67841339282626,2539.4109341057224,54.60268826937004,15593.476679652318
Gharsa,2024-06,2024,6,3.090191532369582,305.74141098862134,282.8856296239633,2904.548289283127,2.0313178855901515,15704.53673893969
Gharsa,2024-07,2024,7,0.0,307.89450341610086,283.69279187317403,2916.2367849384514,0.04005249818971761,15870.532011415567
Gharsa,2024-08,2024,8,3.8504930970010736,306.74603308726046,286.7663628700508,2594.054308472121,11.485359341057206,15849.97864090395
Gharsa,2024-09,2024,9,27.839517419087734,302.2170467383279,288.3161865834157,1771.8665595582916,140.02111241853737,15539.37566295836
Gharsa,2024-10,2024,10,15.852276821349635,298.497122191543,287.33325317992063,1637.914645184647,82.5836124185373,15200.804522796341
Gharsa,2024-11,2024,11,5.319778709336087,292.40437309582666,282.03824251742174,1004.9129480448961,6.9607621288921075,14878.765325386283
Gharsa,2024-12,2024,12,2.4457669201157075,285.3330903287341,276.31659309335794,813.757241129616,16.397673787110797,14506.81979346222
