Date,Water_Volume_m3,Water_Bodies_Count,Avg_Depth_m,Max_Depth_m,Surface_Elevation_m,Total_Surface_Area_km2
clipped_masked_-0.11_2019-01-01,82584097.51,403,1.437,15.933,18.42,57.4534
clipped_masked_-0.11_2019-01-16,175015535.79,293,1.968,23.068,16.98,88.9495
clipped_masked_-0.11_2019-02-03,83157734.09,508,1.329,17.8,17.22,62.592
clipped_masked_-0.11_2019-02-18,152431727.53,598,1.503,20.397,16.71,101.441
clipped_masked_-0.11_2019-03-02,104175620.8,375,1.433,21.208,18.69,72.6778
clipped_masked_-0.11_2019-03-17,108139173.3,382,1.377,21.188,18.45,78.5409
clipped_masked_-0.11_2019-04-01,96389434.35,534,1.399,16.886,16.15,68.8874
clipped_masked_-0.11_2019-04-16,4946993.16,54,1.084,13.176,15.5,4.5645
clipped_masked_-0.11_2019-05-01,4179708.14,65,0.912,13.068,17.33,4.5806
clipped_masked_-0.11_2019-05-16,37867202.39,274,1.193,17.447,18.06,31.7532
clipped_masked_-0.11_2019-06-03,1301585121.89,1509,1.929,31.35,16.67,674.8839
clipped_masked_-0.11_2019-06-18,1165471540.14,1241,2.028,32.682,16.39,574.7706
clipped_masked_-0.11_2019-07-03,2631772.69,39,1.159,13.167,17.18,2.2713
clipped_masked_-0.11_2019-07-18,14269157.71,60,3.122,31.918,17.87,4.5704
clipped_masked_-0.11_2019-08-02,200893849.38,348,2.396,26.288,17.92,83.8328
clipped_masked_-0.11_2019-08-17,92227033.36,535,1.252,23.55,17.55,73.6667
clipped_masked_-0.11_2019-09-01,1757244201.38,1524,2.153,30.147,18.45,816.1321
clipped_masked_-0.11_2019-09-16,2742031394.45,1072,2.473,61.995,17.08,1108.9613
clipped_masked_-0.11_2019-10-01,2702548333.92,2123,2.659,35.947,18.06,1016.3952
clipped_masked_-0.11_2019-10-16,266947202.12,1039,1.626,33.063,16.79,164.2112
clipped_masked_-0.11_2019-11-02,167695252.88,678,1.344,23.532,18.29,124.7983
clipped_masked_-0.11_2019-11-17,6856919.81,39,1.177,12.347,18.32,5.8236
clipped_masked_-0.11_2019-12-02,173239105.55,597,1.427,20.158,18.82,121.36
clipped_masked_-0.11_2019-12-17,0.0,0,0.0,0.0,0.0,0.0
clipped_masked_-0.11_2020-01-01,97545513.61,462,1.397,15.19,18.2,69.812
clipped_masked_-0.11_2020-01-16,106814189.81,399,1.412,31.408,18.68,75.6269
clipped_masked_-0.11_2020-02-05,105749160.15,277,1.43,17.938,18.48,73.969
clipped_masked_-0.11_2020-02-18,647430055.41,1516,1.938,29.2,17.31,334.1569
clipped_masked_-0.11_2020-03-01,14974906.16,45,1.535,14.289,14.75,9.7528
clipped_masked_-0.11_2020-03-16,0.0,0,0.0,0.0,0.0,0.0
clipped_masked_-0.11_2020-04-03,1805120891.54,692,3.927,34.697,19.34,459.7177
clipped_masked_-0.11_2020-04-18,0.0,0,0.0,0.0,0.0,0.0
clipped_masked_-0.11_2020-05-03,1287251539.96,1428,1.988,31.159,16.44,647.5302
clipped_masked_-0.11_2020-05-18,471525812.56,660,2.183,39.789,18.32,216.0046
clipped_masked_-0.11_2020-06-02,955227579.61,928,2.133,28.72,16.8,447.8543
clipped_masked_-0.11_2020-06-17,0.0,0,0.0,0.0,0.0,0.0
clipped_masked_-0.11_2020-07-02,20820108.1,56,1.473,12.446,19.08,14.1391
clipped_masked_-0.11_2020-07-17,344979956.11,271,2.411,31.177,17.92,143.0682
clipped_masked_-0.11_2020-08-01,323513704.03,603,2.275,45.642,18.15,142.205
clipped_masked_-0.11_2020-08-16,258235629.05,417,2.121,26.264,19.2,121.7616
clipped_masked_-0.11_2020-09-02,58373416.47,25,1.198,13.3,27.25,48.7304
clipped_masked_-0.11_2020-09-17,34437346.25,76,1.464,15.734,20.26,23.5209
clipped_masked_-0.11_2020-10-02,21562247.7,44,3.326,20.83,26.92,6.4824
clipped_masked_-0.11_2020-10-17,9477468.27,156,1.14,14.658,19.2,8.3126
clipped_masked_-0.11_2020-11-01,165156249.63,257,1.529,19.602,19.82,107.9979
clipped_masked_-0.11_2020-11-19,178971982.96,1066,1.474,29.325,19.75,121.3921
clipped_masked_-0.11_2020-12-01,128428773.63,555,1.422,18.816,17.8,90.3444
clipped_masked_-0.11_2020-12-16,12357483.69,75,1.269,12.272,17.4,9.7411
clipped_masked_-0.11_2021-01-03,104665559.28,445,1.602,31.859,18.52,65.3468
clipped_masked_-0.11_2021-01-18,106917019.52,348,1.425,21.171,17.26,75.0105
clipped_masked_-0.11_2021-02-02,637747725.81,1741,1.616,26.778,16.83,394.5769
clipped_masked_-0.11_2021-02-17,109595104.32,338,1.405,20.211,16.27,77.9814
clipped_masked_-0.11_2021-03-01,23762837.33,67,1.222,14.179,14.11,19.4501
clipped_masked_-0.11_2021-03-16,101092300.95,430,1.347,19.909,18.44,75.0528
clipped_masked_-0.11_2021-04-03,366200.04,12,0.796,5.526,20.46,0.4601
clipped_masked_-0.11_2021-04-18,105452207.19,769,1.32,20.042,19.13,79.9037
clipped_masked_-0.11_2021-05-03,0.0,0,0.0,0.0,0.0,0.0
clipped_masked_-0.11_2021-05-18,8768977.89,32,1.439,11.625,17.81,6.0939
clipped_masked_-0.11_2021-06-02,0.0,0,0.0,0.0,0.0,0.0
clipped_masked_-0.11_2021-06-17,7171347.96,33,1.302,12.823,14.12,5.5096
clipped_masked_-0.11_2021-07-02,129357.95,3,0.877,4.489,19.36,0.1475
clipped_masked_-0.11_2021-07-17,80500440.69,263,1.246,14.46,19.22,64.5975
clipped_masked_-0.11_2021-08-01,802333.29,20,1.077,9.2,16.96,0.7449
clipped_masked_-0.11_2021-08-16,72089518.75,234,1.325,14.538,19.73,54.4065
clipped_masked_-0.11_2021-09-02,36641209.73,33,1.682,14.182,19.78,21.7871
clipped_masked_-0.11_2021-09-17,47282499.93,83,1.567,16.104,20.65,30.1771
clipped_masked_-0.11_2021-10-02,137445543.64,416,1.397,17.789,23.41,98.4102
clipped_masked_-0.11_2021-10-17,0.0,0,0.0,0.0,0.0,0.0
clipped_masked_-0.11_2021-11-01,58089572.35,80,1.539,14.912,20.21,37.7375
clipped_masked_-0.11_2021-11-16,13053443.36,56,1.567,20.657,19.41,8.3287
clipped_masked_-0.11_2021-12-01,250523261.96,579,1.453,20.648,18.63,172.4478
clipped_masked_-0.11_2021-12-16,122969779.57,546,1.416,22.045,17.03,86.8608
clipped_masked_-0.11_2022-01-03,1006256663.5,3367,1.569,31.739,17.12,641.2508
clipped_masked_-0.11_2022-01-18,365953864.59,1661,1.604,29.983,16.85,228.1543
clipped_masked_-0.11_2022-02-02,781602763.56,1974,1.512,23.323,19.52,516.9082
clipped_masked_-0.11_2022-02-17,630115747.98,1667,1.452,23.181,19.15,434.0307
clipped_masked_-0.11_2022-03-01,5948354.59,36,1.031,13.451,19.64,5.771
clipped_masked_-0.11_2022-03-16,84260102.17,340,1.441,20.987,19.62,58.4817
clipped_masked_-0.11_2022-04-03,1294444497.26,2104,1.616,35.052,18.43,800.7821
clipped_masked_-0.11_2022-04-18,1726161644.66,2350,1.693,60.903,17.54,1019.4348
clipped_masked_-0.11_2022-05-03,1120208912.24,1391,1.855,60.373,18.61,603.7339
clipped_masked_-0.11_2022-05-18,1716221254.99,2649,1.681,61.106,18.38,1020.6735
clipped_masked_-0.11_2022-06-02,1105057474.98,1728,1.688,60.936,17.85,654.8247
clipped_masked_-0.11_2022-06-17,884724320.21,1619,1.661,60.376,17.77,532.5767
clipped_masked_-0.11_2022-07-02,435943764.66,1083,1.528,61.222,18.19,285.3506
clipped_masked_-0.11_2022-07-17,343140536.06,951,1.488,55.084,18.17,230.6169
clipped_masked_-0.11_2022-08-01,277222156.31,1002,1.417,54.334,18.87,195.6854
clipped_masked_-0.11_2022-08-16,228551156.39,780,1.454,49.397,19.1,157.1445
clipped_masked_-0.11_2022-09-02,41663843.71,281,1.193,19.288,21.67,34.9097
clipped_masked_-0.11_2022-09-17,7907339.19,99,1.088,37.022,24.73,7.2653
clipped_masked_-0.11_2022-10-02,406717908.85,710,1.499,30.61,19.69,271.4043
clipped_masked_-0.11_2022-10-17,231126839.23,481,1.364,22.191,20.21,169.4549
clipped_masked_-0.11_2022-11-01,181749561.11,481,1.434,23.675,19.99,126.7615
clipped_masked_-0.11_2022-11-16,139196814.25,481,1.347,22.297,20.96,103.3486
clipped_masked_-0.11_2022-12-01,81038123.51,193,1.563,15.231,21.43,51.8474
clipped_masked_-0.11_2022-12-16,308620883.28,652,1.44,24.52,19.85,214.3935
clipped_masked_-0.11_2023-01-03,654818836.31,1844,1.36,26.5,18.47,481.648
clipped_masked_-0.11_2023-01-18,651406776.2,1659,1.356,30.766,18.79,480.3729
clipped_masked_-0.11_2023-02-02,795209679.33,1962,1.437,30.484,19.2,553.2303
clipped_masked_-0.11_2023-02-17,250322141.42,578,1.326,20.155,19.83,188.8086
clipped_masked_-0.11_2023-03-01,290763566.13,748,1.516,24.432,20.24,191.8015
clipped_masked_-0.11_2023-03-16,371105525.68,814,1.488,24.502,20.5,249.4506
clipped_masked_-0.11_2023-04-03,229972320.07,939,1.297,24.607,21.54,177.3688
clipped_masked_-0.11_2023-04-18,819136969.29,2287,1.485,39.337,18.26,551.4352
clipped_masked_-0.11_2023-05-03,720763557.21,1506,1.475,28.433,18.49,488.5671
clipped_masked_-0.11_2023-05-18,3608181193.67,3916,1.564,51.742,17.27,2307.7338
clipped_masked_-0.11_2023-06-02,1336654468.33,1867,1.472,27.919,18.06,907.8437
clipped_masked_-0.11_2023-06-17,1587753566.99,1708,1.895,53.04,18.07,837.9339
clipped_masked_-0.11_2023-07-02,608887187.24,1055,1.82,51.778,17.62,334.6112
clipped_masked_-0.11_2023-07-17,717074996.09,1185,1.826,54.343,17.94,392.7365
clipped_masked_-0.11_2023-08-01,449574073.99,1014,1.754,33.654,18.63,256.3055
clipped_masked_-0.11_2023-08-16,333960593.46,928,1.65,31.873,18.92,202.3927
clipped_masked_-0.11_2023-09-02,480511620.84,562,1.441,20.84,19.73,333.5142
clipped_masked_-0.11_2023-09-17,334977737.77,656,1.443,24.022,19.47,232.2178
clipped_masked_-0.11_2023-10-02,17873167.4,82,1.375,14.148,21.86,13.0013
clipped_masked_-0.11_2023-10-17,220046469.58,442,1.576,24.876,20.01,139.6006
clipped_masked_-0.11_2023-11-01,22167951.35,172,1.202,13.469,20.61,18.4422
clipped_masked_-0.11_2023-11-16,83901839.47,248,1.491,16.458,20.59,56.2805
clipped_masked_-0.11_2023-12-01,17125432.71,14,1.411,12.453,25.98,12.1351
clipped_masked_-0.11_2023-12-16,347373475.49,711,1.647,23.336,19.6,210.9741
clipped_masked_-0.11_2024-01-03,853663247.22,1882,1.434,31.32,18.77,595.395
clipped_masked_-0.11_2024-01-18,422490329.11,771,1.543,24.378,18.73,273.8699
clipped_masked_-0.11_2024-02-02,2012587841.09,701,2.371,29.118,19.21,848.9618
clipped_masked_-0.11_2024-02-17,25234498.04,130,1.239,13.636,16.67,20.3659
clipped_masked_-0.11_2024-03-03,321557508.49,940,1.466,24.055,19.16,219.3641
clipped_masked_-0.11_2024-03-18,349577066.91,961,1.428,23.563,19.68,244.8218
clipped_masked_-0.11_2024-04-02,467190572.9,1107,1.638,26.466,17.72,285.2863
clipped_masked_-0.11_2024-04-17,2225481321.98,2181,2.073,48.601,16.67,1073.5214
clipped_masked_-0.11_2024-05-02,3994506830.4,2843,1.884,74.75,17.37,2119.917
clipped_masked_-0.11_2024-05-17,0.0,0,0.0,0.0,0.0,0.0
clipped_masked_-0.11_2024-06-01,1154657733.46,1799,1.926,58.215,17.88,599.4323
clipped_masked_-0.11_2024-06-16,335231473.02,1065,1.633,56.043,18.66,205.3272
clipped_masked_-0.11_2024-07-01,111576214.47,351,1.612,33.068,17.85,69.2044
clipped_masked_-0.11_2024-07-16,174440991.37,671,1.369,33.779,19.06,127.3925
clipped_masked_-0.11_2024-08-05,181126847.84,642,1.386,32.77,19.03,130.7184
clipped_masked_-0.11_2024-08-17,82248035.1,256,1.381,14.884,20.03,59.5611
clipped_masked_-0.11_2024-09-04,1516381582.57,1463,1.787,61.087,17.89,848.3746
clipped_masked_-0.11_2024-09-16,199099478.77,506,1.25,19.518,18.85,159.2201
clipped_masked_-0.11_2024-10-01,314361034.87,592,1.37,29.465,18.58,229.4104
clipped_masked_-0.11_2024-10-16,20056801.99,119,1.285,14.206,21.79,15.6129
clipped_masked_-0.11_2024-11-03,1159817387.54,1736,1.78,62.329,18.38,651.6741
clipped_masked_-0.11_2024-11-18,223957464.71,343,1.806,25.552,19.66,124.0359
clipped_masked_-0.11_2024-12-03,3093204428.45,2723,1.803,67.637,17.58,1715.4821
clipped_masked_-0.11_2024-12-18,2728153581.45,3105,1.808,61.848,18.29,1508.9499
