chott,var,predictor,lag_months,n,pearson_r,p_pearson,spearman_rho,p_spearman
Djerid,area,rain_cum,0,72,0.034,0.7774,-0.057,0.6371
Djerid,vol,rain_cum,0,72,0.058,0.6282,-0.055,0.6435
Djerid,area,rain_cum,1,71,0.164,0.1721,0.068,0.5735
Djerid,vol,rain_cum,1,71,0.189,0.1136,0.079,0.5104
Djerid,area,rain_cum,2,70,0.241,0.0445,0.18,0.136
Djerid,vol,rain_cum,2,70,0.252,0.0352,0.2,0.0968
Djerid,area,rain_cum,3,69,0.284,0.0181,0.243,0.044
Djerid,vol,rain_cum,3,69,0.295,0.014,0.274,0.0228
Djerid,area,rain_cum,4,68,0.215,0.0783,0.232,0.0569
Djerid,vol,rain_cum,4,68,0.231,0.0578,0.263,0.0305
Djerid,area,rain_cum,5,67,0.259,0.034,0.305,0.0121
Djerid,vol,rain_cum,5,67,0.303,0.0128,0.342,0.0046
Djerid,area,rain_cum,6,66,0.173,0.1655,0.152,0.2222
Djerid,vol,rain_cum,6,66,0.241,0.0509,0.207,0.0958
Djerid,area,pet_mm,0,72,0.065,0.5847,-0.015,0.8976
Djerid,area,temp_C,0,72,0.012,0.9234,-0.039,0.7474
Djerid,area,rh_pct,0,72,-0.07,0.559,-0.037,0.7606
Djerid,vol,pet_mm,0,72,0.089,0.4587,0.012,0.9178
Djerid,vol,temp_C,0,72,0.044,0.7131,-0.013,0.9138
Djerid,vol,rh_pct,0,72,-0.071,0.5533,-0.043,0.7171
Gharsa,area,rain_cum,0,72,0.282,0.0166,0.253,0.0322
Gharsa,vol,rain_cum,0,72,0.247,0.0368,0.222,0.0615
Gharsa,area,rain_cum,1,71,0.247,0.0376,0.248,0.0371
Gharsa,vol,rain_cum,1,71,0.109,0.3634,0.166,0.167
Gharsa,area,rain_cum,2,70,0.26,0.03,0.228,0.058
Gharsa,vol,rain_cum,2,70,0.061,0.6183,0.096,0.4311
Gharsa,area,rain_cum,3,69,0.319,0.0075,0.297,0.0133
Gharsa,vol,rain_cum,3,69,0.109,0.3732,0.164,0.1784
Gharsa,area,rain_cum,4,68,0.322,0.0075,0.317,0.0085
Gharsa,vol,rain_cum,4,68,0.114,0.3536,0.215,0.0784
Gharsa,area,rain_cum,5,67,0.353,0.0034,0.339,0.0051
Gharsa,vol,rain_cum,5,67,0.152,0.2197,0.248,0.0427
Gharsa,area,rain_cum,6,66,0.302,0.0137,0.301,0.0139
Gharsa,vol,rain_cum,6,66,0.121,0.3316,0.217,0.0805
Gharsa,area,pet_mm,0,72,-0.361,0.0018,-0.379,0.001
Gharsa,area,temp_C,0,72,-0.258,0.0287,-0.303,0.0097
Gharsa,area,rh_pct,0,72,0.451,0.0001,0.456,0.0001
Gharsa,vol,pet_mm,0,72,-0.343,0.0031,-0.368,0.0015
Gharsa,vol,temp_C,0,72,-0.213,0.0721,-0.274,0.0197
Gharsa,vol,rh_pct,0,72,0.393,0.0006,0.455,0.0001
Melghigh,area,rain_cum,0,72,0.261,0.0267,0.216,0.0687
Melghigh,vol,rain_cum,0,72,0.319,0.0062,0.332,0.0044
Melghigh,area,rain_cum,1,71,0.317,0.0072,0.278,0.0191
Melghigh,vol,rain_cum,1,71,0.354,0.0024,0.374,0.0013
Melghigh,area,rain_cum,2,70,0.274,0.0216,0.266,0.0258
Melghigh,vol,rain_cum,2,70,0.287,0.0158,0.358,0.0023
Melghigh,area,rain_cum,3,69,0.278,0.0207,0.271,0.0245
Melghigh,vol,rain_cum,3,69,0.255,0.0345,0.328,0.0059
Melghigh,area,rain_cum,4,68,0.355,0.003,0.328,0.0063
Melghigh,vol,rain_cum,4,68,0.324,0.0071,0.357,0.0028
Melghigh,area,rain_cum,5,67,0.551,0.0,0.545,0.0
Melghigh,vol,rain_cum,5,67,0.518,0.0,0.571,0.0
Melghigh,area,rain_cum,6,66,0.57,0.0,0.577,0.0
Melghigh,vol,rain_cum,6,66,0.608,0.0,0.668,0.0
Melghigh,area,pet_mm,0,72,-0.013,0.9113,0.005,0.9645
Melghigh,area,temp_C,0,72,0.009,0.9406,0.023,0.8471
Melghigh,area,rh_pct,0,72,0.096,0.4236,0.074,0.5352
Melghigh,vol,pet_mm,0,72,-0.058,0.6311,-0.025,0.8371
Melghigh,vol,temp_C,0,72,-0.014,0.9085,0.015,0.8974
Melghigh,vol,rh_pct,0,72,0.152,0.2013,0.132,0.2698
Merouane,area,rain_cum,0,72,-0.022,0.8535,-0.034,0.7774
Merouane,vol,rain_cum,0,72,0.187,0.1154,0.227,0.0557
Merouane,area,rain_cum,1,71,0.035,0.7714,0.022,0.8529
Merouane,vol,rain_cum,1,71,0.275,0.0201,0.278,0.0188
Merouane,area,rain_cum,2,70,0.066,0.5861,0.055,0.6505
Merouane,vol,rain_cum,2,70,0.267,0.0257,0.285,0.0169
Merouane,area,rain_cum,3,69,0.127,0.2978,0.091,0.4589
Merouane,vol,rain_cum,3,69,0.31,0.0096,0.312,0.0091
Merouane,area,rain_cum,4,68,0.16,0.1914,0.083,0.5013
Merouane,vol,rain_cum,4,68,0.32,0.0078,0.307,0.0109
Merouane,area,rain_cum,5,67,0.158,0.202,0.117,0.3445
Merouane,vol,rain_cum,5,67,0.271,0.0263,0.302,0.0131
Merouane,area,rain_cum,6,66,0.16,0.2002,0.14,0.2638
Merouane,vol,rain_cum,6,66,0.261,0.0345,0.314,0.0103
Merouane,area,pet_mm,0,72,0.161,0.1769,0.185,0.1206
Merouane,area,temp_C,0,72,0.147,0.2169,0.16,0.1797
Merouane,area,rh_pct,0,72,-0.121,0.3129,-0.165,0.1653
Merouane,vol,pet_mm,0,72,-0.214,0.0711,-0.16,0.1802
Merouane,vol,temp_C,0,72,-0.232,0.0494,-0.236,0.0455
Merouane,vol,rh_pct,0,72,0.279,0.0177,0.193,0.1051
