chott,season,C_mgL,multiplier,mean_volume_m3,Li_tonnes
Djerid,wet(Feb),22.1,0.5,519265348,11450
Djerid,dry(Jun),22.1,0.5,819461219,18069
Djerid,wet(Feb),33.1,0.75,519265348,17175
Djerid,dry(Jun),33.1,0.75,819461219,27104
Djerid,wet(Feb),44.1,1.0,519265348,22900
Djerid,dry(Jun),44.1,1.0,819461219,36138
Djerid,wet(Feb),66.2,1.5,519265348,34349
Djerid,dry(Jun),66.2,1.5,819461219,54207
Djerid,wet(Feb),88.2,2.0,519265348,45799
Djerid,dry(Jun),88.2,2.0,819461219,72276
Gharsa,wet(Feb),22.1,0.5,1515012297,33406
Gharsa,dry(Jun),22.1,0.5,608769399,13423
Gharsa,wet(Feb),33.1,0.75,1515012297,50109
Gharsa,dry(Jun),33.1,0.75,608769399,20135
Gharsa,wet(Feb),44.1,1.0,1515012297,66812
Gharsa,dry(Jun),44.1,1.0,608769399,26847
Gharsa,wet(Feb),66.2,1.5,1515012297,100218
Gharsa,dry(Jun),66.2,1.5,608769399,40270
Gharsa,wet(Feb),88.2,2.0,1515012297,133624
Gharsa,dry(Jun),88.2,2.0,608769399,53693
Melghigh,wet(Feb),33.0,0.5,753182023,24855
Melghigh,dry(Jun),33.0,0.5,590751389,19495
Melghigh,wet(Feb),49.5,0.75,753182023,37283
Melghigh,dry(Jun),49.5,0.75,590751389,29242
Melghigh,wet(Feb),66.0,1.0,753182023,49710
Melghigh,dry(Jun),66.0,1.0,590751389,38990
Melghigh,wet(Feb),99.0,1.5,753182023,74565
Melghigh,dry(Jun),99.0,1.5,590751389,58484
Melghigh,wet(Feb),132.0,2.0,753182023,99420
Melghigh,dry(Jun),132.0,2.0,590751389,77979
Merouane,wet(Feb),33.0,0.5,593453869,19584
Merouane,dry(Jun),33.0,0.5,546907488,18048
Merouane,wet(Feb),49.5,0.75,593453869,29376
Merouane,dry(Jun),49.5,0.75,546907488,27072
Merouane,wet(Feb),66.0,1.0,593453869,39168
Merouane,dry(Jun),66.0,1.0,546907488,36096
Merouane,wet(Feb),99.0,1.5,593453869,58752
Merouane,dry(Jun),99.0,1.5,546907488,54144
Merouane,wet(Feb),132.0,2.0,593453869,78336
Merouane,dry(Jun),132.0,2.0,546907488,72192
